{"generatedAt": "2026-06-24T06:32:01.236671+00:00", "stats": {"global": {"n": 0, "wr": null, "pnl": null, "open": 16}, "byType": {"LONG": {"n": 0, "wr": null, "pnl": null, "open": 6}, "SHORT": {"n": 0, "wr": null, "pnl": null, "open": 6}, "RANGE_SHORT": {"n": 0, "wr": null, "pnl": null, "open": 4}}, "byClass": {"caida_recorrido": {"n": 0, "wr": null, "pnl": null, "open": 6}, "corto_favor": {"n": 0, "wr": null, "pnl": null, "open": 4}, "corto_estrecho": {"n": 0, "wr": null, "pnl": null, "open": 6}}}, "trades": [{"id": "HMY-RANGE_SHORT-1782259200000", "sym": "HMY", "signal": "RANGE_SHORT", "eliteClass": "corto_favor", "entry": 15.40999984741211, "stop": 15.866752242889405, "target": 13.910599727630615, "target2": 13.029999732971191, "poc": 13.910599727630615, "vah": 16.80399971008301, "val": 13.029999732971191, "entryTs": 1782259200000, "openedAt": 1782259200000, "status": "abierta", "barsSeen": 0, "exitPrice": null, "outcome": null, "pnlPct": null, "curPrice": null, "curPnlPct": null, "ambiguous": false, "closedAt": null, "closeReason": null}, {"id": "BTG-RANGE_SHORT-1782259200000", "sym": "BTG", "signal": "RANGE_SHORT", "eliteClass": "corto_favor", "entry": 4.010000228881836, "stop": 4.124164935398102, "target": 3.4270000219345094, "target2": 2.363600044250488, "poc": 3.4270000219345094, "vah": 4.653999996185303, "val": 2.363600044250488, "entryTs": 1782259200000, "openedAt": 1782259200000, "status": "abierta", "barsSeen": 0, "exitPrice": null, "outcome": null, "pnlPct": null, "curPrice": null, "curPnlPct": null, "ambiguous": false, "closedAt": null, "closeReason": null}, {"id": "PAAS-RANGE_SHORT-1782259200000", "sym": "PAAS", "signal": "RANGE_SHORT", "eliteClass": "corto_favor", "entry": 46.220001220703125, "stop": 47.40970405212402, "target": 23.073000335693358, "target2": 17.860000610351562, "poc": 23.073000335693358, "vah": 49.13799896240235, "val": 17.860000610351562, "entryTs": 1782259200000, "openedAt": 1782259200000, "status": "abierta", "barsSeen": 0, "exitPrice": null, "outcome": null, "pnlPct": null, "curPrice": null, "curPnlPct": null, "ambiguous": false, "closedAt": null, "closeReason": null}, {"id": "HL-LONG-1782259200000", "sym": "HL", "signal": "LONG", "eliteClass": "caida_recorrido", "entry": 15.069999694824219, "stop": 14.650752303314208, "target": 17.764999771118163, "target2": 19.48199951171875, "poc": 17.764999771118163, "vah": 19.48199951171875, "val": 17.25999984741211, "entryTs": 1782259200000, "openedAt": 1782259200000, "status": "abierta", "barsSeen": 0, "exitPrice": null, "outcome": null, "pnlPct": null, "curPrice": null, "curPnlPct": null, "ambiguous": false, "closedAt": null, "closeReason": null}, {"id": "UEC-LONG-1782259200000", "sym": "UEC", "signal": "LONG", "eliteClass": "caida_recorrido", "entry": 11.34000015258789, "stop": 10.723784544296265, "target": 14.948999996185304, "target2": 15.443999977111817, "poc": 14.948999996185304, "vah": 15.443999977111817, "val": 13.068000068664551, "entryTs": 1782259200000, "openedAt": 1782259200000, "status": "abierta", "barsSeen": 0, "exitPrice": null, "outcome": null, "pnlPct": null, "curPrice": null, "curPnlPct": null, "ambiguous": false, "closedAt": null, "closeReason": null}, {"id": "UUUU-LONG-1782259200000", "sym": "UUUU", "signal": "LONG", "eliteClass": "caida_recorrido", "entry": 15.470000267028809, "stop": 14.860636956510543, "target": 21.005000114440918, "target2": 22.72760040283203, "poc": 21.005000114440918, "vah": 22.72760040283203, "val": 18.516799697875978, "entryTs": 1782259200000, "openedAt": 1782259200000, "status": "abierta", "barsSeen": 0, "exitPrice": null, "outcome": null, "pnlPct": null, "curPrice": null, "curPnlPct": null, "ambiguous": false, "closedAt": null, "closeReason": null}, {"id": "RHM-LONG-1782259200000", "sym": "RHM", "signal": "LONG", "eliteClass": "caida_recorrido", "entry": 1166.5999755859375, "stop": 1128.230502388916, "target": 1564.9099853515625, "target2": 1658.0519921875, "poc": 1564.9099853515625, "vah": 1658.0519921875, "val": 1391.9319726562499, "entryTs": 1782259200000, "openedAt": 1782259200000, "status": "abierta", "barsSeen": 0, "exitPrice": null, "outcome": null, "pnlPct": null, "curPrice": null, "curPnlPct": null, "ambiguous": false, "closedAt": null, "closeReason": null}, {"id": "TSM-SHORT-1782259200000", "sym": "TSM", "signal": "SHORT", "eliteClass": "corto_estrecho", "entry": 436.3900146484375, "stop": 442.93586486816406, "target": 342.83578918457033, "target2": 329.0819885253906, "poc": 342.83578918457033, "vah": 356.58958984375, "val": 329.0819885253906, "entryTs": 1782259200000, "openedAt": 1782259200000, "status": "abierta", "barsSeen": 0, "exitPrice": null, "outcome": null, "pnlPct": null, "curPrice": null, "curPnlPct": null, "ambiguous": false, "closedAt": null, "closeReason": null}, {"id": "AVGO-SHORT-1782259200000", "sym": "AVGO", "signal": "SHORT", "eliteClass": "corto_estrecho", "entry": 380.1499938964844, "stop": 385.98149480285645, "target": 319.0228021240234, "target2": 310.17759887695314, "poc": 319.0228021240234, "vah": 335.44960815429687, "val": 310.17759887695314, "entryTs": 1782259200000, "openedAt": 1782259200000, "status": "abierta", "barsSeen": 0, "exitPrice": null, "outcome": null, "pnlPct": null, "curPrice": null, "curPnlPct": null, "ambiguous": false, "closedAt": null, "closeReason": null}, {"id": "IONQ-SHORT-1782259200000", "sym": "IONQ", "signal": "SHORT", "eliteClass": "corto_estrecho", "entry": 57.849998474121094, "stop": 58.71774845123291, "target": 33.25460037231446, "target2": 31.01320007324219, "poc": 33.25460037231446, "vah": 36.776800842285155, "val": 31.01320007324219, "entryTs": 1782259200000, "openedAt": 1782259200000, "status": "abierta", "barsSeen": 0, "exitPrice": null, "outcome": null, "pnlPct": null, "curPrice": null, "curPnlPct": null, "ambiguous": false, "closedAt": null, "closeReason": null}, {"id": "IBM-SHORT-1782259200000", "sym": "IBM", "signal": "SHORT", "eliteClass": "corto_estrecho", "entry": 264.94000244140625, "stop": 268.91410247802736, "target": 228.0343975830078, "target2": 221.5719970703125, "poc": 228.0343975830078, "vah": 232.65039794921876, "val": 221.5719970703125, "entryTs": 1782259200000, "openedAt": 1782259200000, "status": "abierta", "barsSeen": 0, "exitPrice": null, "outcome": null, "pnlPct": null, "curPrice": null, "curPnlPct": null, "ambiguous": false, "closedAt": null, "closeReason": null}, {"id": "KTOS-LONG-1782259200000", "sym": "KTOS", "signal": "LONG", "eliteClass": "caida_recorrido", "entry": 50.79999923706055, "stop": 48.60747126998901, "target": 89.53639991760254, "target2": 101.06399993896484, "poc": 89.53639991760254, "vah": 101.06399993896484, "val": 61.540799865722654, "entryTs": 1782259200000, "openedAt": 1782259200000, "status": "abierta", "barsSeen": 0, "exitPrice": null, "outcome": null, "pnlPct": null, "curPrice": null, "curPnlPct": null, "ambiguous": false, "closedAt": null, "closeReason": null}, {"id": "RKLB-SHORT-1782259200000", "sym": "RKLB", "signal": "SHORT", "eliteClass": "corto_estrecho", "entry": 95.12000274658203, "stop": 99.36140366905212, "target": 71.90859870910644, "target2": 66.0487191772461, "poc": 71.90859870910644, "vah": 75.06391845703125, "val": 66.0487191772461, "entryTs": 1782259200000, "openedAt": 1782259200000, "status": "abierta", "barsSeen": 0, "exitPrice": null, "outcome": null, "pnlPct": null, "curPrice": null, "curPnlPct": null, "ambiguous": false, "closedAt": null, "closeReason": null}, {"id": "QCOM-SHORT-1782259200000", "sym": "QCOM", "signal": "SHORT", "eliteClass": "corto_estrecho", "entry": 204.1300048828125, "stop": 207.1919549560547, "target": 131.47099960327148, "target2": 126.97999877929688, "poc": 131.47099960327148, "vah": 139.95400115966797, "val": 126.97999877929688, "entryTs": 1782259200000, "openedAt": 1782259200000, "status": "abierta", "barsSeen": 0, "exitPrice": null, "outcome": null, "pnlPct": null, "curPrice": null, "curPnlPct": null, "ambiguous": false, "closedAt": null,