{"generatedAt": "2026-06-24T06:55:31.107011+00:00", "stats": {"global": {"n": 0, "wr": null, "pnl": null, "open": 2}, "byType": {"SHORT": {"n": 0, "wr": null, "pnl": null, "open": 1}, "RANGE_SHORT": {"n": 0, "wr": null, "pnl": null, "open": 1}}, "byClass": {"corto_favor": {"n": 0, "wr": null, "pnl": null, "open": 1}, "corto_estrecho": {"n": 0, "wr": null, "pnl": null, "open": 1}}}, "trades": [{"id": "RTX-SHORT-1782259200000", "sym": "RTX", "signal": "SHORT", "eliteClass": "corto_estrecho", "entry": 186.38999938964844, "stop": 189.73383597869872, "target": 175.92579864501954, "target2": 173.58679870605468, "poc": 175.92579864501954, "vah": 182.94279846191407, "val": 173.58679870605468, "entryTs": 1782259200000, "openedAt": 1782259200000, "status": "abierta", "barsSeen": 0, "exitPrice": null, "outcome": null, "pnlPct": null, "curPrice": null, "curPnlPct": null, "ambiguous": false, "closedAt": null, "closeReason": null}, {"id": "JOBY-RANGE_SHORT-1782259200000", "sym": "JOBY", "signal": "RANGE_SHORT", "eliteClass": "corto_favor", "entry": 9.550000190734863, "stop": 9.991974199562073, "target": 8.97850009918213, "target2": 8.317000045776368, "poc": 8.97850009918213, "vah": 10.396000213623047, "val": 8.317000045776368, "entryTs": 1782259200000, "openedAt": 1782259200000, "status": "abierta", "barsSeen": 0, "exitPrice": null, "outcome": null, "pnlPct": null, "curPrice": null, "curPnlPct": null, "ambiguous": false, "closedAt": null, "closeReason": null}]}