{"generatedAt": "2026-06-24T10:42:58.832780+00:00", "stats": {"global": {"n": 0, "wr": null, "pnl": null, "open": 16}, "byType": {"LONG": {"n": 0, "wr": null, "pnl": null, "open": 2}, "SHORT": {"n": 0, "wr": null, "pnl": null, "open": 4}, "RANGE_LONG": {"n": 0, "wr": null, "pnl": null, "open": 3}, "RANGE_SHORT": {"n": 0, "wr": null, "pnl": null, "open": 7}}, "byClass": {"caida_recorrido": {"n": 0, "wr": null, "pnl": null, "open": 2}, "empuje_favor": {"n": 0, "wr": null, "pnl": null, "open": 3}, "corto_favor": {"n": 0, "wr": null, "pnl": null, "open": 7}, "corto_estrecho": {"n": 0, "wr": null, "pnl": null, "open": 4}}}, "trades": [{"id": "RTX-SHORT-1782284400000", "sym": "RTX", "signal": "SHORT", "eliteClass": "corto_estrecho", "entry": 186.38999938964844, "stop": 189.73383597869872, "target": 175.92579864501954, "target2": 173.58679870605468, "poc": 175.92579864501954, "vah": 182.94279846191407, "val": 173.58679870605468, "entryTs": 1782284400000, "openedAt": 1782284400000, "status": "abierta", "barsSeen": 0, "exitPrice": null, "outcome": null, "pnlPct": null, "curPrice": null, "curPnlPct": null, "ambiguous": false, "closedAt": null, "closeReason": null}, {"id": "JOBY-RANGE_SHORT-1782284400000", "sym": "JOBY", "signal": "RANGE_SHORT", "eliteClass": "corto_favor", "entry": 9.550000190734863, "stop": 9.991974199562073, "target": 8.97850009918213, "target2": 8.317000045776368, "poc": 8.97850009918213, "vah": 10.396000213623047, "val": 8.317000045776368, "entryTs": 1782284400000, "openedAt": 1782284400000, "status": "abierta", "barsSeen": 0, "exitPrice": null, "outcome": null, "pnlPct": null, "curPrice": null, "curPnlPct": null, "ambiguous": false, "closedAt": null, "closeReason": null}, {"id": "PLG-LONG-1782284400000", "sym": "PLG", "signal": "LONG", "eliteClass": "caida_recorrido", "entry": 1.3600000143051147, "stop": 1.339600014090538, "target": 1.7117999744415284, "target2": 1.8963999843597412, "poc": 1.7117999744415284, "vah": 1.8963999843597412, "val": 1.5839999675750733, "entryTs": 1782284400000, "openedAt": 1782284400000, "status": "abierta", "barsSeen": 0, "exitPrice": null, "outcome": null, "pnlPct": null, "curPrice": null, "curPnlPct": null, "ambiguous": false, "closedAt": null, "closeReason": null}, {"id": "CLF-RANGE_SHORT-1782284400000", "sym": "CLF", "signal": "RANGE_SHORT", "eliteClass": "corto_favor", "entry": 11.15999984741211, "stop": 11.585084241600036, "target": 10.222200155258179, "target2": 7.730000019073486, "poc": 10.222200155258179, "vah": 12.128000259399414, "val": 7.730000019073486, "entryTs": 1782284400000, "openedAt": 1782284400000, "status": "abierta", "barsSeen": 0, "exitPrice": null, "outcome": null, "pnlPct": null, "curPrice": null, "curPnlPct": null, "ambiguous": false, "closedAt": null, "closeReason": null}, {"id": "NMG-LONG-1782284400000", "sym": "NMG", "signal": "LONG", "eliteClass": "caida_recorrido", "entry": 1.4600000381469727, "stop": 1.4370342375469207, "target": 1.9050000309944153, "target2": 2.183200044631958, "poc": 1.9050000309944153, "vah": 2.183200044631958, "val": 1.7980000257492066, "entryTs": 1782284400000, "openedAt": 1782284400000, "status": "abierta", "barsSeen": 0, "exitPrice": null, "outcome": null, "pnlPct": null, "curPrice": null, "curPnlPct": null, "ambiguous": false, "closedAt": null, "closeReason": null}, {"id": "FANG-RANGE_LONG-1782284400000", "sym": "FANG", "signal": "RANGE_LONG", "eliteClass": "empuje_favor", "entry": 187.91000366210938, "stop": 184.22133029022217, "target": 198.83779815673827, "target2": 203.60759704589844, "poc": 198.83779815673827, "vah": 203.60759704589844, "val": 185.891201171875, "entryTs": 1782284400000, "openedAt": 1782284400000, "status": "abierta", "barsSeen": 0, "exitPrice": null, "outcome": null, "pnlPct": null, "curPrice": null, "curPnlPct": null, "ambiguous": false, "closedAt": null, "closeReason": null}, {"id": "PSX-RANGE_LONG-1782284400000", "sym": "PSX", "signal": "RANGE_LONG", "eliteClass": "empuje_favor", "entry": 170.33999633789062, "stop": 167.52768299835205, "target": 176.2972006225586, "target2": 182.49280029296875, "poc": 176.2972006225586, "vah": 182.49280029296875, "val": 165.971201171875, "entryTs": 1782284400000, "openedAt": 1782284400000, "status": "abierta", "barsSeen": 0, "exitPrice": null, "outcome": null, "pnlPct": null, "curPrice": null, "curPnlPct": null, "ambiguous": false, "closedAt": null, "closeReason": null}, {"id": "DPRO-RANGE_SHORT-1782284400000", "sym": "DPRO", "signal": "RANGE_SHORT", "eliteClass": "corto_favor", "entry": 5.389999866485596, "stop": 5.690600159039497, "target": 5.274000024795532, "target2": 5.0736000442504885, "poc": 5.274000024795532, "vah": 6.943999862670898, "val": 5.0736000442504885, "entryTs": 1782284400000, "openedAt": 1782284400000, "status": "abierta", "barsSeen": 0, "exitPrice": null, "outcome": null, "pnlPct": null, "curPrice": null, "curPnlPct": null, "ambiguous": false, "closedAt": null, "closeReason": null}, {"id": "RXRX-RANGE_SHORT-1782284400000", "sym": "RXRX", "signal": "RANGE_SHORT", "eliteClass": "corto_favor", "entry": 3.1600000858306885, "stop": 3.295564089512825, "target": 3.150999975204468, "target2": 2.973199977874756, "poc": 3.150999975204468, "vah": 3.531999969482422, "val": 2.973199977874756, "entryTs": 1782284400000, "openedAt": 1782284400000, "status": "abierta", "barsSeen": 0, "exitPrice": null, "outcome": null, "pnlPct": null, "curPrice": null, "curPnlPct": null, "ambiguous": false, "closedAt": null, "closeReason": null}, {"id": "XLI-SHORT-1782284400000", "sym": "XLI", "signal": "SHORT", "eliteClass": "corto_estrecho", "entry": 178.14999389648438, "stop": 180.82224380493165, "target": 173.73779968261718, "target2": 169.29480041503905, "poc": 173.73779968261718, "vah": 176.40359924316405, "val": 169.29480041503905, "entryTs": 1782284400000, "openedAt": 1782284400000, "status": "abierta", "barsSeen": 0, "exitPrice": null, "outcome": null, "pnlPct": null, "curPrice": null, "curPnlPct": null, "ambiguous": false, "closedAt": null, "closeReason": null}, {"id": "INDI-RANGE_SHORT-1782284400000", "sym": "INDI", "signal": "RANGE_SHORT", "eliteClass": "corto_favor", "entry": 3.7100000381469727, "stop": 3.8734997398281097, "target": 2.5098999452590944, "target2": 2.319999933242798, "poc": 2.5098999452590944, "vah": 4.345600061416626, "val": 2.319999933242798, "entryTs": 1782284400000, "openedAt": 1782284400000, "status": "abierta", "barsSeen": 0, "exitPrice": null, "outcome": null, "pnlPct": null, "curPrice": null, "curPnlPct": null, "ambiguous": false, "closedAt": null, "closeReason": null}, {"id": "SO-SHORT-1782284400000", "sym": "SO", "signal": "SHORT", "eliteClass": "corto_estrecho", "entry": 94.93000030517578, "stop": 96.35395030975342, "target": 93.88039947509766, "target2": 92.03679840087891, "poc": 93.88039947509766, "vah": 94.7183999633789, "val": 92.03679840087891, "entryTs": 1782284400000, "openedAt": 1782284400000, "status": "abierta", "barsSeen": 0, "exitPrice": null, "outcome": null, "pnlPct": null, "curPrice": null, "curPnlPct": null, "ambiguous": false, "closedAt": null, "closeReason": null}, {"id": "ARWR-SHORT-1782284400000", "sym": "ARWR", "signal": "SHORT", "eliteClass": "corto_estrecho", "entry": 79.9000015258789, "stop": 83.06803658638, "target": 75.09462326049805, "target2": 71.12988311767577, "poc": 75.09462326049805, "vah": 79.0593634033203, "val": 71.12988311767577, "entryTs": 1782284400000, "openedAt": 1782284400000, "status": "abierta", "barsSeen": 0, "exitPrice": null, "outcome": null, "pnlPct": null, "curPrice": null, "curPnlPct": null, "ambiguous": false, "closedAt": null, "closeReason": null}, {"id": "DASH-RANGE_SHORT-1782284400000", "sym": "DASH", "signal": "RANGE_SHORT", "eliteClass": "corto_favor", "entry": 171.52000427246094, "stop": 175.22140596466065, "target": 156.02320007324218, "target2": 151.51720031738282, "poc": 156.02320007324218, "vah": 173.1459991455078, "val": 151.51720031738282, "entryTs": 1782284400000, "openedAt": 1782284400000,