{"CDE|1d": {"signal": "LONG", "entry": 15.470000267028809, "stop": 15.237950263023377, "target": 18.057199478149414, "target2": 19.447599411010742, "rr": 11.15, "labelClass": "caida_recorrido", "isNewCross": false, "trendBias": -1, "poc": 18.057199478149414, "vah": 19.447599411010742, "val": 16.919599533081055, "clsRsi": 37.61552835810845, "clsAccel": 0.3000001907348633, "clsGreen": 0, "scenario": "Precio bajo VAL (8.6% bajo el VA). 💎 LONG pelotazo: muy caído + gran recorrido al PoC + giro. Alto PnL/op con buena probabilidad. Sesgo alcista hacia el PoC. ⚠️ Contra tendencia bajista (EMA200).", "sym": "CDE", "tf": "1d", "sector": "Plata", "bt": {"total": 11, "wr": 73, "avgPnl": 2.47, "totalPnl": 27.14, "avgRR": 2.63}}, "RTX|1d": {"signal": "SHORT", "entry": 185.05999755859375, "stop": 188.37997391479493, "target": 175.92579864501954, "target2": 173.58679870605468, "rr": 2.75, "labelClass": "corto_estrecho", "isNewCross": false, "trendBias": 1, "poc": 175.92579864501954, "vah": 183.8783984375, "val": 173.58679870605468, "clsRsi": 62.26710449022513, "clsAccel": -5.8899993896484375, "clsGreen": 0, "scenario": "Precio sobre VAH (0.6% sobre el VA). Sesgo bajista hacia el PoC. ⚠️ Contra tendencia alcista (EMA200).", "sym": "RTX", "tf": "1d", "sector": "Defensa", "bt": {"total": 5, "wr": 80, "avgPnl": 8.64, "totalPnl": 43.19, "avgRR": 7.61}}, "RGTI|1d": {"signal": "RANGE_SHORT", "entry": 19.530000686645508, "stop": 20.545560722351073, "target": 19.05259962081909, "target2": 15.63599967956543, "rr": 0.47, "labelClass": "corto_favor", "isNewCross": false, "trendBias": -1, "poc": 19.05259962081909, "vah": 24.953999519348145, "val": 15.63599967956543, "clsRsi": 35.410675595344046, "clsAccel": -1.6500015258789062, "clsGreen": 0, "scenario": "Dentro del VA sobre el PoC. Sesgo bajista hacia el PoC.", "sym": "RGTI", "tf": "1d", "sector": "Cuántica", "bt": {"total": 3, "wr": 67, "avgPnl": 31.86, "totalPnl": 95.59, "avgRR": 12.66}}, "JOBY|1d": {"signal": "RANGE_SHORT", "entry": 9.279999732971191, "stop": 9.709478120613099, "target": 9.167500114440918, "target2": 8.317000045776368, "rr": 0.26, "labelClass": "corto_favor", "isNewCross": false, "trendBias": -1, "poc": 9.167500114440918, "vah": 10.396000213623047, "val": 8.317000045776368, "clsRsi": 31.497414656413824, "clsAccel": 0.03999900817871094, "clsGreen": 0, "scenario": "Dentro del VA sobre el PoC. 🛡️ Range con contexto favorable (sobreventa/tendencia) — el resto de RANGE_SHORT pierde de media. Sesgo bajista hacia el PoC.", "sym": "JOBY", "tf": "1d", "sector": "eVTOL", "bt": {"total": 2, "wr": 50, "avgPnl": -1.69, "totalPnl": -3.39, "avgRR": 1.15}}, "OKLO|1d": {"signal": "LONG", "entry": 54.060001373291016, "stop": 50.81640129089355, "target": 69.4753995513916, "target2": 74.62879974365234, "rr": 4.75, "labelClass": "caida_recorrido", "isNewCross": false, "trendBias": -1, "poc": 69.4753995513916, "vah": 74.62879974365234, "val": 59.74119918823242, "clsRsi": 33.993682474062396, "clsAccel": -1.9199943542480469, "clsGreen": 0, "scenario": "Precio bajo VAL (9.5% bajo el VA). Sesgo alcista hacia el PoC. ⚠️ Contra tendencia bajista (EMA200).", "sym": "OKLO", "tf": "1d", "sector": "Nuclear SMR", "bt": {"total": 5, "wr": 80, "avgPnl": 19.98, "totalPnl": 99.91, "avgRR": 4.0}}, "PLG|1d": {"signal": "LONG", "entry": 1.3200000524520874, "stop": 1.300200051665306, "target": 1.7287999868392945, "target2": 1.891599988937378, "rr": 20.65, "labelClass": "caida_recorrido", "isNewCross": false, "trendBias": -1, "poc": 1.7287999868392945, "vah": 1.891599988937378, "val": 1.565999984741211, "clsRsi": 30.23256071842735, "clsAccel": 0.0, "clsGreen": 0, "scenario": "Precio bajo VAL (15.7% bajo el VA). Sesgo alcista hacia el PoC. ⚠️ Contra tendencia bajista (EMA200).", "sym": "PLG", "tf": "1d", "sector": "Platino/PGM", "bt": {"total": 6, "wr": 50, "avgPnl": 4.81, "totalPnl": 28.83, "avgRR": 7.77}}, "EU|1d": {"signal": "LONG", "entry": 1.3899999856948853, "stop": 1.3197076864182948, "target": 1.646400022506714, "target2": 1.9592000484466552, "rr": 3.65, "labelClass": "caida_recorrido", "isNewCross": false, "trendBias": -1, "poc": 1.646400022506714, "vah": 1.9592000484466552, "val": 1.5176000118255615, "clsRsi": 41.12149209932028, "clsAccel": -0.040000081062316895, "clsGreen": 0, "scenario": "Precio bajo VAL (8.4% bajo el VA). Sesgo alcista hacia el PoC. ⚠️ Contra tendencia bajista (EMA200).", "sym": "EU", "tf": "1d", "sector": "Uranio/Tierras raras", "bt": {"total": 3, "wr": 67, "avgPnl": 7.58, "totalPnl": 22.73, "avgRR": 2.27}}, "CLF|1d": {"signal": "RANGE_SHORT", "entry": 10.569999694824219, "stop": 10.972610983200074, "target": 10.515400171279907, "target2": 7.730000019073486, "rr": 0.14, "labelClass": "corto_favor", "isNewCross": false, "trendBias": -1, "poc": 10.515400171279907, "vah": 12.128000259399414, "val": 7.730000019073486, "clsRsi": 24.28161340843974, "clsAccel": 0.1400003433227539, "clsGreen": 0, "scenario": "Dentro del VA sobre el PoC. 🛡️ Range con contexto favorable (sobreventa/tendencia) — el resto de RANGE_SHORT pierde de media. Sesgo bajista hacia el PoC.", "sym": "CLF", "tf": "1d", "sector": "Acero", "bt": {"total": 6, "wr": 67, "avgPnl": 2.56, "totalPnl": 15.35, "avgRR": 1.98}}, "NMG|1d": {"signal": "LONG", "entry": 1.4299999475479126, "stop": 1.407506048372984, "target": 1.9050000309944153, "target2": 2.183200044631958, "rr": 21.12, "labelClass": "caida_recorrido", "isNewCross": false, "trendBias": -1, "poc": 1.9050000309944153, "vah": 2.183200044631958, "val": 1.7980000257492066, "clsRsi": 27.710844238708688, "clsAccel": 0.01999986171722412, "clsGreen": 0, "scenario": "Precio bajo VAL (20.5% bajo el VA). 💎 LONG pelotazo: muy caído + gran recorrido al PoC + giro. Alto PnL/op con buena probabilidad. Sesgo alcista hacia el PoC. ⚠️ Contra tendencia bajista (EMA200).", "sym": "NMG", "tf": "1d", "sector": "Grafito", "bt": {"total": 6, "wr": 67, "avgPnl": 3.48, "totalPnl": 20.87, "avgRR": 2.76}}, "GSAT|1d": {"signal": "RANGE_LONG", "entry": 80.13999938964844, "stop": 77.57712220916748, "target": 80.35579711914062, "target2": 83.45879699707031, "rr": 0.08, "labelClass": "empuje_favor", "isNewCross": false, "trendBias": 1, "poc": 80.35579711914062, "vah": 83.45879699707031, "val": 78.4939971923828, "clsRsi": 41.37117843283845, "clsAccel": 0.1299896240234375, "clsGreen": 2, "scenario": "Dentro del VA bajo el PoC. ⭐ Range premium: momentum/empuje que favorece llegar al PoC (WR muy alto). Sesgo alcista hacia el PoC.", "sym": "GSAT", "tf": "1d", "sector": "Satélite", "bt": {"total": 9, "wr": 89, "avgPnl": 5.17, "totalPnl": 46.49, "avgRR": 4.34}}, "RCAT|1d": {"signal": "LONG", "entry": 9.34000015258789, "stop": 8.779600143432617, "target": 11.180299701690675, "target2": 14.897799911499025, "rr": 3.28, "labelClass": "caida_recorrido", "isNewCross": false, "trendBias": -1, "poc": 11.180299701690675, "vah": 14.897799911499025, "val": 10.734199676513672, "clsRsi": 30.204625100320357, "clsAccel": -0.3900003433227539, "clsGreen": 0, "scenario": "Precio bajo VAL (13.0% bajo el VA). Sesgo alcista hacia el PoC. ⚠️ Contra tendencia bajista (EMA200).", "sym": "RCAT", "tf": "1d", "sector": "Drones", "bt": {"total": 10, "wr": 70, "avgPnl": 8.51, "totalPnl": 85.11, "avgRR": 3.57}}, "SHLS|1d": {"signal": "SHORT", "entry": 10.199999809265137, "stop": 10.630949801206588, "target": 7.134999933242798, "target2": 5.7399998474121094, "rr": 7.11, "labelClass": "corto_extendido", "isNewCross": false, "trendBias": 1, "poc": 7.134999933242798, "vah": 9.770000095367433, "val": 5.7399998474121094, "clsRsi": 37.04141812825237, "clsAccel": 0.5799999237060547, "clsGreen": 0, "scenario": "Precio sobre VAH (4.4% sobre el VA). Sesgo bajista hacia el PoC. ⚠️ Contra tendencia alcista (EMA200).", "sym": "SHLS", "tf": "1d", "sector": "Solar", "bt": {"total": 7, "wr": 57, "avgPnl": 3.45, "totalPnl": 24.18, "avgRR": 2.63}}, "EOSE|1d": {"signal": "LONG", "entry": 6.059999942779541, "stop": 5.7417287457847594, "target": 7.770599956512451, "target2": 9.003599853515626,