{"RTX|1d": {"signal": "SHORT", "entry": 187.72999572753906, "stop": 191.09787185089112, "target": 175.92579864501954, "target2": 173.58679870605468, "rr": 3.5, "labelClass": "corto_estrecho", "isNewCross": false, "trendBias": 1, "poc": 175.92579864501954, "vah": 183.8783984375, "val": 173.58679870605468, "clsRsi": 58.88887983215333, "clsAccel": 4.0, "clsGreen": 1, "scenario": "Precio sobre VAH (2.1% sobre el VA). 🛡️ SHORT seguro: cerca del borde con giro/contexto bajista (mayor probabilidad). Sesgo bajista hacia el PoC. ⚠️ Contra tendencia alcista (EMA200).", "sym": "RTX", "tf": "1d", "sector": "Defensa", "bt": {"total": 5, "wr": 80, "avgPnl": 8.64, "totalPnl": 43.19, "avgRR": 7.61}}, "OKLO|1d": {"signal": "LONG", "entry": 52.95000076293945, "stop": 49.773000717163086, "target": 69.33259948730469, "target2": 75.70599975585938, "rr": 5.16, "labelClass": "caida_recorrido", "isNewCross": false, "trendBias": -1, "poc": 69.33259948730469, "vah": 75.70599975585938, "val": 60.64159912109375, "clsRsi": 32.60626137488936, "clsAccel": 2.0199966430664062, "clsGreen": 0, "scenario": "Precio bajo VAL (12.7% bajo el VA). 💎 LONG pelotazo: muy caído + gran recorrido al PoC + giro. Alto PnL/op con buena probabilidad. Sesgo alcista hacia el PoC. ⚠️ Contra tendencia bajista (EMA200).", "sym": "OKLO", "tf": "1d", "sector": "Nuclear SMR", "bt": {"total": 5, "wr": 80, "avgPnl": 19.98, "totalPnl": 99.91, "avgRR": 4.0}}, "PLG|1d": {"signal": "LONG", "entry": 1.3200000524520874, "stop": 1.300200051665306, "target": 1.7287999868392945, "target2": 1.891599988937378, "rr": 20.65, "labelClass": "caida_recorrido", "isNewCross": false, "trendBias": -1, "poc": 1.7287999868392945, "vah": 1.891599988937378, "val": 1.565999984741211, "clsRsi": 30.23256071842735, "clsAccel": 0.039999961853027344, "clsGreen": 0, "scenario": "Precio bajo VAL (15.7% bajo el VA). 💎 LONG pelotazo: muy caído + gran recorrido al PoC + giro. Alto PnL/op con buena probabilidad. Sesgo alcista hacia el PoC. ⚠️ Contra tendencia bajista (EMA200).", "sym": "PLG", "tf": "1d", "sector": "Platino/PGM", "bt": {"total": 6, "wr": 50, "avgPnl": 4.81, "totalPnl": 28.83, "avgRR": 7.77}}, "EU|1d": {"signal": "LONG", "entry": 1.3905999660491943, "stop": 1.3202773257660865, "target": 1.646400022506714, "target2": 1.9592000484466552, "rr": 3.64, "labelClass": "caida_recorrido", "isNewCross": false, "trendBias": -1, "poc": 1.646400022506714, "vah": 1.9592000484466552, "val": 1.5176000118255615, "clsRsi": 40.59965671408775, "clsAccel": 0.09060001373291016, "clsGreen": 1, "scenario": "Precio bajo VAL (8.4% bajo el VA). 💎 LONG pelotazo: muy caído + gran recorrido al PoC + giro. Alto PnL/op con buena probabilidad. Sesgo alcista hacia el PoC. ⚠️ Contra tendencia bajista (EMA200).", "sym": "EU", "tf": "1d", "sector": "Uranio/Tierras raras", "bt": {"total": 3, "wr": 67, "avgPnl": 7.58, "totalPnl": 22.73, "avgRR": 2.27}}, "RCAT|1d": {"signal": "LONG", "entry": 9.319999694824219, "stop": 8.760799713134766, "target": 11.180299701690675, "target2": 14.897799911499025, "rr": 3.33, "labelClass": "caida_recorrido", "isNewCross": false, "trendBias": -1, "poc": 11.180299701690675, "vah": 14.897799911499025, "val": 10.734199676513672, "clsRsi": 23.714838229632576, "clsAccel": 0.8199996948242188, "clsGreen": 0, "scenario": "Precio bajo VAL (13.2% bajo el VA). 💎 LONG pelotazo: muy caído + gran recorrido al PoC + giro. Alto PnL/op con buena probabilidad. Sesgo alcista hacia el PoC. ⚠️ Contra tendencia bajista (EMA200).", "sym": "RCAT", "tf": "1d", "sector": "Drones", "bt": {"total": 10, "wr": 70, "avgPnl": 8.51, "totalPnl": 85.11, "avgRR": 3.57}}, "SHLS|1d": {"signal": "SHORT", "entry": 10.050000190734863, "stop": 10.474612698793411, "target": 7.134999933242798, "target2": 5.7399998474121094, "rr": 6.87, "labelClass": "corto_extendido", "isNewCross": false, "trendBias": 1, "poc": 7.134999933242798, "vah": 9.770000095367433, "val": 5.7399998474121094, "clsRsi": 33.45498674775605, "clsAccel": -0.06999969482421875, "clsGreen": 0, "scenario": "Precio sobre VAH (2.9% sobre el VA). Sesgo bajista hacia el PoC. ⚠️ Contra tendencia alcista (EMA200).", "sym": "SHLS", "tf": "1d", "sector": "Solar", "bt": {"total": 7, "wr": 57, "avgPnl": 3.45, "totalPnl": 24.18, "avgRR": 2.63}}, "EOSE|1d": {"signal": "LONG", "entry": 5.960000038146973, "stop": 5.646980836143493, "target": 7.770599956512451, "target2": 9.003599853515626, "rr": 5.78, "labelClass": "caida_recorrido", "isNewCross": false, "trendBias": -1, "poc": 7.770599956512451, "vah": 9.003599853515626, "val": 6.7020000457763675, "clsRsi": 30.93525099646969, "clsAccel": 0.3299999237060547, "clsGreen": 0, "scenario": "Precio bajo VAL (11.1% bajo el VA). 💎 LONG pelotazo: muy caído + gran recorrido al PoC + giro. Alto PnL/op con buena probabilidad. Sesgo alcista hacia el PoC. ⚠️ Contra tendencia bajista (EMA200).", "sym": "EOSE", "tf": "1d", "sector": "Almacenamiento", "bt": {"total": 7, "wr": 86, "avgPnl": 34.46, "totalPnl": 241.25, "avgRR": 6.8}}, "MARA|1d": {"signal": "SHORT", "entry": 13.270000457763672, "stop": 13.84618387763977, "target": 8.809399948120117, "target2": 7.050799865722656, "rr": 7.74, "labelClass": "corto_extendido", "isNewCross": false, "trendBias": 1, "poc": 8.809399948120117, "vah": 12.131200103759767, "val": 7.050799865722656, "clsRsi": 46.76564382160205, "clsAccel": -0.029999732971191406, "clsGreen": 0, "scenario": "Precio sobre VAH (9.4% sobre el VA). Sesgo bajista hacia el PoC. ⚠️ Contra tendencia alcista (EMA200).", "sym": "MARA", "tf": "1d", "sector": "Cripto/Minería", "bt": {"total": 4, "wr": 50, "avgPnl": -1.12, "totalPnl": -4.5, "avgRR": 1.75}}, "HOOD|1d": {"signal": "SHORT", "entry": 94.7750015258789, "stop": 98.5697925869751, "target": 75.88980026245117, "target2": 69.93000030517578, "rr": 4.98, "labelClass": "corto_extendido", "isNewCross": false, "trendBias": 1, "poc": 75.88980026245117, "vah": 90.36360015869141, "val": 69.93000030517578, "clsRsi": 56.409743951383135, "clsAccel": 3.6449966430664062, "clsGreen": 0, "scenario": "Precio sobre VAH (4.9% sobre el VA). Sesgo bajista hacia el PoC. ⚠️ Contra tendencia alcista (EMA200).", "sym": "HOOD", "tf": "1d", "sector": "Fintech/Trading", "bt": {"total": 4, "wr": 50, "avgPnl": 22.22, "totalPnl": 88.87, "avgRR": 7.15}}, "UNG|1d": {"signal": "SHORT", "entry": 11.90999984741211, "stop": 12.25681904296875, "target": 11.509199581146241, "target2": 10.703599624633789, "rr": 1.16, "labelClass": "corto_estrecho", "isNewCross": true, "trendBias": -1, "poc": 11.509199581146241, "vah": 11.805999565124512, "val": 10.703599624633789, "clsRsi": 46.46464841072057, "clsAccel": -0.049999237060546875, "clsGreen": 2, "scenario": "Precio sobre VAH (0.9% sobre el VA). 🛡️ SHORT seguro: cerca del borde con giro/contexto bajista (mayor probabilidad). Sesgo bajista hacia el PoC.", "sym": "UNG", "tf": "1d", "sector": "Gas (ETF)", "bt": {"total": 7, "wr": 57, "avgPnl": 4.95, "totalPnl": 34.62, "avgRR": 3.06}}, "CMP|1d": {"signal": "RANGE_LONG", "entry": 28.979999542236328, "stop": 27.894988359375, "target": 29.49060028076172, "target2": 31.886400146484377, "rr": 0.47, "labelClass": "empuje_favor", "isNewCross": false, "trendBias": 1, "poc": 29.49060028076172, "vah": 31.886400146484377, "val": 27.966000366210938, "clsRsi": 37.434268148449135, "clsAccel": -0.2199993133544922, "clsGreen": 2, "scenario": "Dentro del VA bajo el PoC. Sesgo alcista hacia el PoC.", "sym": "CMP", "tf": "1d", "sector": "Materiales", "bt": {"total": 5, "wr": 60, "avgPnl": 11.59, "totalPnl": 57.93, "avgRR": 5.48}}, "INDI|1d": {"signal": "RANGE_SHORT", "entry": 3.5299999713897705, "stop": 3.6855670701289176, "target": 2.5098999452590944, "target2": 2.319999933242798, "rr": 6.56, "labelClass": "corto_favor", "isNewCross": false, "trendBias": -1, "poc": 2.5098999452590944, "vah": 4.219000053405762, "val": 2.319999933242798, "clsRsi": 29.712452665714466, "clsAccel": 0.10000014305114746, "clsGreen": 0,