{"EGO|1d": {"signal": "RANGE_SHORT", "entry": 32.02000045776367, "stop": 32.78591886871338, "target": 31.705200157165528, "target2": 30.153600006103517, "rr": 0.41, "labelClass": "corto_favor", "isNewCross": false, "trendBias": -1, "poc": 31.705200157165528, "vah": 34.63600044250488, "val": 30.153600006103517, "clsRsi": 42.7135806026899, "clsAccel": -1.1199989318847656, "clsGreen": 0, "scenario": "Dentro del VA sobre el PoC. Sesgo bajista hacia el PoC.", "sym": "EGO", "tf": "1d", "sector": "Oro", "bt": {"total": 6, "wr": 50, "avgPnl": 1.09, "totalPnl": 6.56, "avgRR": 6.75}}, "LMT|1d": {"signal": "SHORT", "entry": 535.3800048828125, "stop": 545.332719173584, "target": 518.0823889160156, "target2": 504.67558837890624, "rr": 1.74, "labelClass": "corto_estrecho", "isNewCross": false, "trendBias": -1, "poc": 518.0823889160156, "vah": 533.9267895507812, "val": 504.67558837890624, "clsRsi": 51.72509334607451, "clsAccel": 5.28997802734375, "clsGreen": 0, "scenario": "Precio sobre VAH (0.3% sobre el VA). 🛡️ SHORT seguro: cerca del borde con giro/contexto bajista (mayor probabilidad). Sesgo bajista hacia el PoC.", "sym": "LMT", "tf": "1d", "sector": "Defensa", "bt": {"total": 3, "wr": 67, "avgPnl": 4.49, "totalPnl": 13.48, "avgRR": 3.51}}, "RGTI|1d": {"signal": "LONG", "entry": 16.549999237060547, "stop": 16.06160875957489, "target": 20.731599655151367, "target2": 22.386399612426757, "rr": 8.56, "labelClass": "caida_recorrido", "isNewCross": true, "trendBias": -1, "poc": 20.731599655151367, "vah": 22.386399612426757, "val": 18.131199722290038, "clsRsi": 21.04517724341659, "clsAccel": -1.4299983978271484, "clsGreen": 0, "scenario": "Precio bajo VAL (8.7% bajo el VA). Sesgo alcista hacia el PoC. ⚠️ Contra tendencia bajista (EMA200).", "sym": "RGTI", "tf": "1d", "sector": "Cuántica", "bt": {"total": 4, "wr": 75, "avgPnl": 31.49, "totalPnl": 125.96, "avgRR": 12.21}}, "KTOS|1d": {"signal": "RANGE_SHORT", "entry": 50.34000015258789, "stop": 52.51267455917358, "target": 47.25919853210449, "target2": 46.0099983215332, "rr": 1.42, "labelClass": "corto_favor", "isNewCross": false, "trendBias": -1, "poc": 47.25919853210449, "vah": 58.502000427246095, "val": 46.0099983215332, "clsRsi": 36.777510376401665, "clsAccel": -1.3900032043457031, "clsGreen": 0, "scenario": "Dentro del VA sobre el PoC. Sesgo bajista hacia el PoC.", "sym": "KTOS", "tf": "1d", "sector": "Drones/Defensa", "bt": {"total": 5, "wr": 40, "avgPnl": 2.24, "totalPnl": 11.19, "avgRR": 2.2}}, "HO|1d": {"signal": "SHORT", "entry": 241.10000610351562, "stop": 244.71650619506835, "target": 230.49300079345704, "target2": 226.17400207519532, "rr": 2.93, "labelClass": "corto_estrecho", "isNewCross": true, "trendBias": 1, "poc": 230.49300079345704, "vah": 239.747998046875, "val": 226.17400207519532, "clsRsi": 62.264150943396224, "clsAccel": 5.100006103515625, "clsGreen": 1, "scenario": "Precio sobre VAH (0.6% sobre el VA). Sesgo bajista hacia el PoC. ⚠️ Contra tendencia alcista (EMA200).", "sym": "HO", "tf": "1d", "sector": "Defensa EU", "bt": {"total": 11, "wr": 64, "avgPnl": 2.73, "totalPnl": 29.98, "avgRR": 3.58}}, "LDO|1d": {"signal": "SHORT", "entry": 54.91999816894531, "stop": 55.7696105406189, "target": 52.13199882507324, "target2": 50.10519912719727, "rr": 3.28, "labelClass": "corto_estrecho", "isNewCross": true, "trendBias": 1, "poc": 52.13199882507324, "vah": 54.60919845581055, "val": 50.10519912719727, "clsRsi": 58.74999403953478, "clsAccel": 1.7999992370605469, "clsGreen": 5, "scenario": "Precio sobre VAH (0.6% sobre el VA). 🛡️ SHORT seguro: cerca del borde con giro/contexto bajista (mayor probabilidad). Sesgo bajista hacia el PoC. ⚠️ Contra tendencia alcista (EMA200).", "sym": "LDO", "tf": "1d", "sector": "Defensa EU", "bt": {"total": 6, "wr": 100, "avgPnl": 3.97, "totalPnl": 23.79, "avgRR": 2.34}}, "EU|1d": {"signal": "LONG", "entry": 1.2599999904632568, "stop": 1.1962817909455299, "target": 1.634800033569336, "target2": 1.9920000553131103, "rr": 5.88, "labelClass": "caida_recorrido", "isNewCross": false, "trendBias": -1, "poc": 1.634800033569336, "vah": 1.9920000553131103, "val": 1.4656000232696533, "clsRsi": 32.92683458696898, "clsAccel": -0.1100001335144043, "clsGreen": 0, "scenario": "Precio bajo VAL (14.0% bajo el VA). Sesgo alcista hacia el PoC. ⚠️ Contra tendencia bajista (EMA200).", "sym": "EU", "tf": "1d", "sector": "Uranio/Tierras raras", "bt": {"total": 3, "wr": 33, "avgPnl": -3.24, "totalPnl": -9.73, "avgRR": 1.53}}, "ASPI|1d": {"signal": "LONG", "entry": 5.059999942779541, "stop": 4.9840999436378475, "target": 6.19039999961853, "target2": 7.400799980163574, "rr": 14.89, "labelClass": "caida_recorrido", "isNewCross": false, "trendBias": -1, "poc": 6.19039999961853, "vah": 7.400799980163574, "val": 5.976800003051758, "clsRsi": 26.488093970989567, "clsAccel": -0.37000036239624023, "clsGreen": 0, "scenario": "Precio bajo VAL (15.3% bajo el VA). Sesgo alcista hacia el PoC. ⚠️ Contra tendencia bajista (EMA200).", "sym": "ASPI", "tf": "1d", "sector": "Nuclear/Isótopos", "bt": {"total": 9, "wr": 67, "avgPnl": 7.27, "totalPnl": 65.4, "avgRR": 7.59}}, "CLF|1d": {"signal": "RANGE_SHORT", "entry": 9.539999961853027, "stop": 9.960427760171891, "target": 9.466999702453613, "target2": 9.109999656677246, "rr": 0.17, "labelClass": "corto_favor", "isNewCross": false, "trendBias": -1, "poc": 9.466999702453613, "vah": 13.394000205993652, "val": 9.109999656677246, "clsRsi": 12.338858906790733, "clsAccel": -0.1400012969970703, "clsGreen": 0, "scenario": "Dentro del VA sobre el PoC. 🛡️ Range con contexto favorable (sobreventa/tendencia) — el resto de RANGE_SHORT pierde de media. Sesgo bajista hacia el PoC.", "sym": "CLF", "tf": "1d", "sector": "Acero", "bt": {"total": 8, "wr": 75, "avgPnl": 5.52, "totalPnl": 44.15, "avgRR": 2.26}}, "NMG|1d": {"signal": "LONG", "entry": 1.5700000524520874, "stop": 1.5453039516270162, "target": 1.9050000309944153, "target2": 2.2260000467300416, "rr": 13.56, "labelClass": "caida_recorrido", "isNewCross": false, "trendBias": -1, "poc": 1.9050000309944153, "vah": 2.2260000467300416, "val": 1.7980000257492066, "clsRsi": 47.727275190274256, "clsAccel": -0.039999961853027344, "clsGreen": 0, "scenario": "Precio bajo VAL (12.7% bajo el VA). Sesgo alcista hacia el PoC. ⚠️ Contra tendencia bajista (EMA200).", "sym": "NMG", "tf": "1d", "sector": "Grafito", "bt": {"total": 6, "wr": 67, "avgPnl": 3.48, "totalPnl": 20.87, "avgRR": 2.76}}, "DPRO|1d": {"signal": "LONG", "entry": 4.860000133514404, "stop": 4.599066726346016, "target": 7.659899787902832, "target2": 8.279999732971191, "rr": 10.73, "labelClass": "caida_recorrido", "isNewCross": false, "trendBias": -1, "poc": 7.659899787902832, "vah": 8.279999732971191, "val": 5.799599952697754, "clsRsi": 26.54461962906214, "clsAccel": -0.25999975204467773, "clsGreen": 0, "scenario": "Precio bajo VAL (16.2% bajo el VA). Sesgo alcista hacia el PoC. ⚠️ Contra tendencia bajista (EMA200).", "sym": "DPRO", "tf": "1d", "sector": "Drones", "bt": {"total": 11, "wr": 55, "avgPnl": 12.94, "totalPnl": 142.3, "avgRR": 6.56}}, "CLSK|1d": {"signal": "LONG", "entry": 12.479999542236328, "stop": 12.292799549102783, "target": 17.03400011062622, "target2": 18.030800094604494, "rr": 24.33, "labelClass": "caida_recorrido", "isNewCross": false, "trendBias": -1, "poc": 17.03400011062622, "vah": 18.030800094604494, "val": 14.898000144958496, "clsRsi": 23.937368149761397, "clsAccel": -1.9200010299682617, "clsGreen": 0, "scenario": "Precio bajo VAL (16.2% bajo el VA). Sesgo alcista hacia el PoC. ⚠️ Contra tendencia bajista (EMA200).", "sym": "CLSK", "tf": "1d", "sector": "Cripto/Minería", "bt": {"total": 7, "wr": 71, "avgPnl": 2.49, "totalPnl": 17.43, "avgRR": 5.5}}, "BTDR|1d": {"signal": "LONG", "entry": 12.875, "stop": 12.25403875, "target": 17.691399574279785, "target2": 19.125999450683594, "rr": 7.76, "labelClass": "caida_recorrido", "isNewCross": false, "trendBias": -1, "poc": 17.691399574279785, "vah": 19.125999450683594, "val": 15.937999725341797,