{"RTX|1d": {"signal": "SHORT", "entry": 186.38999938964844, "stop": 189.73383597869872, "target": 175.92579864501954, "target2": 173.58679870605468, "rr": 3.13, "labelClass": "corto_estrecho", "isNewCross": true, "trendBias": 1, "poc": 175.92579864501954, "vah": 182.94279846191407, "val": 173.58679870605468, "clsRsi": 61.80650772415006, "clsAccel": 8.330001831054688, "clsGreen": 1, "scenario": "Precio sobre VAH (1.9% sobre el VA). Sesgo bajista hacia el PoC. ⚠️ Contra tendencia alcista (EMA200).", "sym": "RTX", "tf": "1d", "sector": "Defensa", "bt": {"total": 5, "wr": 80, "avgPnl": 8.64, "totalPnl": 43.19, "avgRR": 7.61}}, "JOBY|1d": {"signal": "RANGE_SHORT", "entry": 9.550000190734863, "stop": 9.991974199562073, "target": 8.97850009918213, "target2": 8.317000045776368, "rr": 1.29, "labelClass": "corto_favor", "isNewCross": false, "trendBias": -1, "poc": 8.97850009918213, "vah": 10.396000213623047, "val": 8.317000045776368, "clsRsi": 30.602007755701152, "clsAccel": -0.1699991226196289, "clsGreen": 0, "scenario": "Dentro del VA sobre el PoC. Sesgo bajista hacia el PoC.", "sym": "JOBY", "tf": "1d", "sector": "eVTOL", "bt": {"total": 2, "wr": 50, "avgPnl": -1.69, "totalPnl": -3.39, "avgRR": 1.15}}}