{"GOLD|1d": {"signal": "SHORT", "entry": 44.599998474121094, "stop": 45.26899845123291, "target": 41.8419995880127, "target2": 39.83999938964844, "rr": 4.12, "labelClass": "corto_estrecho", "isNewCross": false, "trendBias": 1, "poc": 41.8419995880127, "vah": 43.227999725341796, "val": 39.83999938964844, "clsRsi": 52.035199319145214, "clsAccel": -0.850006103515625, "clsGreen": 4, "scenario": "Precio sobre VAH (3.2% sobre el VA). Sesgo bajista hacia el PoC. ⚠️ Contra tendencia alcista (EMA200).", "sym": "GOLD", "tf": "1d", "sector": "Oro", "bt": {"total": 10, "wr": 50, "avgPnl": 0.63, "totalPnl": 6.26, "avgRR": 4.32}}, "GFI|1d": {"signal": "LONG", "entry": 34.51499938964844, "stop": 33.429157508850096, "target": 39.56560070037842, "target2": 49.510801086425786, "rr": 4.65, "labelClass": "caida_recorrido", "isNewCross": false, "trendBias": -1, "poc": 39.56560070037842, "vah": 49.510801086425786, "val": 37.40360061645508, "clsRsi": 43.728276414999506, "clsAccel": -2.674999237060547, "clsGreen": 0, "scenario": "Precio bajo VAL (7.7% bajo el VA). Sesgo alcista hacia el PoC. ⚠️ Contra tendencia bajista (EMA200).", "sym": "GFI", "tf": "1d", "sector": "Oro", "bt": {"total": 2, "wr": 100, "avgPnl": 18.58, "totalPnl": 37.16, "avgRR": 5.47}}, "GLEN|1d": {"signal": "RANGE_LONG", "entry": 514.2999877929688, "stop": 499.12299515319825, "target": 515.161996459961, "target2": 582.152001953125, "rr": 0.06, "labelClass": "empuje_favor", "isNewCross": false, "trendBias": 1, "poc": 515.161996459961, "vah": 582.152001953125, "val": 501.7639953613281, "clsRsi": 8.845750946308158, "clsAccel": -2.0999755859375, "clsGreen": 2, "scenario": "Dentro del VA bajo el PoC. Sesgo alcista hacia el PoC.", "sym": "GLEN", "tf": "1d", "sector": "Diversificada", "bt": {"total": 2, "wr": 100, "avgPnl": 22.5, "totalPnl": 44.99, "avgRR": 7.72}}, "LMT|1d": {"signal": "SHORT", "entry": 537.4600219726562, "stop": 547.451403781128, "target": 518.0823889160156, "target2": 504.67558837890624, "rr": 1.94, "labelClass": "corto_estrecho", "isNewCross": false, "trendBias": -1, "poc": 518.0823889160156, "vah": 531.489189453125, "val": 504.67558837890624, "clsRsi": 49.06447748057113, "clsAccel": -32.5399169921875, "clsGreen": 0, "scenario": "Precio sobre VAH (1.1% sobre el VA). 🛡️ SHORT seguro: cerca del borde con giro/contexto bajista (mayor probabilidad). Sesgo bajista hacia el PoC.", "sym": "LMT", "tf": "1d", "sector": "Defensa", "bt": {"total": 3, "wr": 67, "avgPnl": 4.49, "totalPnl": 13.48, "avgRR": 3.51}}, "OKLO|1d": {"signal": "LONG", "entry": 51.778900146484375, "stop": 48.672166137695314, "target": 69.36431968688964, "target2": 73.83535980224609, "rr": 5.66, "labelClass": "caida_recorrido", "isNewCross": false, "trendBias": -1, "poc": 69.36431968688964, "vah": 73.83535980224609, "val": 57.228639373779295, "clsRsi": 38.762580942494516, "clsAccel": -0.4911003112792969, "clsGreen": 0, "scenario": "Precio bajo VAL (9.5% bajo el VA). Sesgo alcista hacia el PoC. ⚠️ Contra tendencia bajista (EMA200).", "sym": "OKLO", "tf": "1d", "sector": "Nuclear SMR", "bt": {"total": 5, "wr": 80, "avgPnl": 19.98, "totalPnl": 99.91, "avgRR": 4.0}}, "HO|1d": {"signal": "SHORT", "entry": 240.89999389648438, "stop": 244.51349380493164, "target": 230.49300079345704, "target2": 226.17400207519532, "rr": 2.88, "labelClass": "corto_estrecho", "isNewCross": true, "trendBias": 1, "poc": 230.49300079345704, "vah": 239.747998046875, "val": 226.17400207519532, "clsRsi": 62.12120336387019, "clsAccel": 4.899993896484375, "clsGreen": 1, "scenario": "Precio sobre VAH (0.5% sobre el VA). Sesgo bajista hacia el PoC. ⚠️ Contra tendencia alcista (EMA200).", "sym": "HO", "tf": "1d", "sector": "Defensa EU", "bt": {"total": 11, "wr": 64, "avgPnl": 2.73, "totalPnl": 29.98, "avgRR": 3.58}}, "BVN|1d": {"signal": "LONG", "entry": 29.885000228881836, "stop": 28.979783571949007, "target": 34.77400123596191, "target2": 36.202001342773436, "rr": 5.4, "labelClass": "caida_recorrido", "isNewCross": false, "trendBias": -1, "poc": 34.77400123596191, "vah": 36.202001342773436, "val": 30.490000915527343, "clsRsi": 36.6754708087977, "clsAccel": -0.3549976348876953, "clsGreen": 2, "scenario": "Precio bajo VAL (2.0% bajo el VA). Sesgo alcista hacia el PoC. ⚠️ Contra tendencia bajista (EMA200).", "sym": "BVN", "tf": "1d", "sector": "Plata/Oro", "bt": {"total": 6, "wr": 50, "avgPnl": 0.31, "totalPnl": 1.86, "avgRR": 2.58}}, "ASM|1d": {"signal": "RANGE_LONG", "entry": 6.585000038146973, "stop": 6.24258003616333, "target": 6.819999694824219, "target2": 7.313199653625488, "rr": 0.69, "labelClass": "empuje_favor", "isNewCross": false, "trendBias": 1, "poc": 6.819999694824219, "vah": 7.313199653625488, "val": 5.888399772644043, "clsRsi": 53.46359090049044, "clsAccel": -0.19500017166137695, "clsGreen": 6, "scenario": "Dentro del VA bajo el PoC. Sesgo alcista hacia el PoC.", "sym": "ASM", "tf": "1d", "sector": "Plata", "bt": {"total": 11, "wr": 73, "avgPnl": 12.53, "totalPnl": 137.84, "avgRR": 4.69}}, "PLG|1d": {"signal": "LONG", "entry": 1.4249999523162842, "stop": 1.40362495303154, "target": 1.7287999868392945, "target2": 1.9507999897003172, "rr": 14.21, "labelClass": "caida_giro", "isNewCross": false, "trendBias": -1, "poc": 1.7287999868392945, "vah": 1.9507999897003172, "val": 1.565999984741211, "clsRsi": 44.144139693509736, "clsAccel": -0.02499997615814209, "clsGreen": 3, "scenario": "Precio bajo VAL (9.0% bajo el VA). 💎 LONG pelotazo: muy caído + gran recorrido al PoC + giro. Alto PnL/op con buena probabilidad. Sesgo alcista hacia el PoC. ⚠️ Contra tendencia bajista (EMA200).", "sym": "PLG", "tf": "1d", "sector": "Platino/PGM", "bt": {"total": 6, "wr": 50, "avgPnl": 4.81, "totalPnl": 28.83, "avgRR": 7.77}}, "EU|1d": {"signal": "LONG", "entry": 1.3350000381469727, "stop": 1.2674890862178803, "target": 1.646400022506714, "target2": 1.9592000484466552, "rr": 4.61, "labelClass": "caida_recorrido", "isNewCross": false, "trendBias": -1, "poc": 1.646400022506714, "vah": 1.9592000484466552, "val": 1.444000005722046, "clsRsi": 48.66310296787762, "clsAccel": 0.11500012874603271, "clsGreen": 1, "scenario": "Precio bajo VAL (7.5% bajo el VA). 💎 LONG pelotazo: muy caído + gran recorrido al PoC + giro. Alto PnL/op con buena probabilidad. Sesgo alcista hacia el PoC. ⚠️ Contra tendencia bajista (EMA200).", "sym": "EU", "tf": "1d", "sector": "Uranio/Tierras raras", "bt": {"total": 3, "wr": 33, "avgPnl": -3.24, "totalPnl": -9.73, "avgRR": 1.53}}, "ASPI|1d": {"signal": "LONG", "entry": 5.619999885559082, "stop": 5.535699887275696, "target": 7.009999990463257, "target2": 7.315999984741211, "rr": 16.49, "labelClass": "caida_recorrido", "isNewCross": false, "trendBias": -1, "poc": 7.009999990463257, "vah": 7.315999984741211, "val": 6.0920000076293945, "clsRsi": 33.9100259241073, "clsAccel": 0.5299997329711914, "clsGreen": 0, "scenario": "Precio bajo VAL (7.7% bajo el VA). 💎 LONG pelotazo: muy caído + gran recorrido al PoC + giro. Alto PnL/op con buena probabilidad. Sesgo alcista hacia el PoC. ⚠️ Contra tendencia bajista (EMA200).", "sym": "ASPI", "tf": "1d", "sector": "Nuclear/Isótopos", "bt": {"total": 9, "wr": 67, "avgPnl": 7.27, "totalPnl": 65.4, "avgRR": 7.59}}, "NMG|1d": {"signal": "LONG", "entry": 1.659999966621399, "stop": 1.6338881671464442, "target": 1.9050000309944153, "target2": 2.2260000467300416, "rr": 9.38, "labelClass": "caida_giro", "isNewCross": false, "trendBias": -1, "poc": 1.9050000309944153, "vah": 2.2260000467300416, "val": 1.7980000257492066, "clsRsi": 61.999997615814785, "clsAccel": -0.03000009059906006, "clsGreen": 3, "scenario": "Precio bajo VAL (7.7% bajo el VA). 💎 LONG pelotazo: muy caído + gran recorrido al PoC + giro. Alto PnL/op con buena probabilidad. Sesgo alcista hacia el PoC. ⚠️ Contra tendencia bajista (EMA200).", "sym": "NMG", "tf": "1d", "sector": "Grafito", "bt": {"total": 6, "wr": 67, "avgPnl": 3.48, "totalPnl": 20.87, "avgRR": 2.76}}, "XLE|1d": {"signal": "RANGE_LONG", "entry": 53.2599983215332, "stop": 52.422218547935486,