{"AMD|1d": {"signal": "SHORT", "entry": 500.94000244140625, "stop": 515.9832307147217, "target": 196.15020080566407, "target2": 188.22000122070312, "rr": 20.26, "labelClass": "corto_extendido", "isNewCross": false, "trendBias": 1, "poc": 196.15020080566407, "vah": 473.7071862792969, "val": 188.22000122070312, "clsRsi": 45.20452214378013, "clsAccel": -9.21002197265625, "clsGreen": 0, "scenario": "Precio sobre VAH (5.7% sobre el VA). Sesgo bajista hacia el PoC. ⚠️ Contra tendencia alcista (EMA200).", "sym": "AMD", "tf": "1d", "sector": "Semis", "bt": {"total": 4, "wr": 50, "avgPnl": -0.06, "totalPnl": -0.23, "avgRR": 3.94}}, "SMR|1d": {"signal": "LONG", "entry": 7.639999866485596, "stop": 7.525399868488312, "target": 10.096400060653686, "target2": 11.859200115203858, "rr": 21.43, "labelClass": "caida_recorrido", "isNewCross": false, "trendBias": -1, "poc": 10.096400060653686, "vah": 11.859200115203858, "val": 8.876000022888183, "clsRsi": 20.437959253047964, "clsAccel": -0.4799990653991699, "clsGreen": 0, "scenario": "Precio bajo VAL (13.9% bajo el VA). Sesgo alcista hacia el PoC. ⚠️ Contra tendencia bajista (EMA200).", "sym": "SMR", "tf": "1d", "sector": "Nuclear SMR", "bt": {"total": 5, "wr": 80, "avgPnl": 13.13, "totalPnl": 65.66, "avgRR": 5.48}}, "NMG|1d": {"signal": "LONG", "entry": 1.4199999570846558, "stop": 1.3784649583399295, "target": 1.9050000309944153, "target2": 2.2688000488281252, "rr": 11.68, "labelClass": "caida_recorrido", "isNewCross": false, "trendBias": -1, "poc": 1.9050000309944153, "vah": 2.2688000488281252, "val": 1.7980000257492066, "clsRsi": 47.05881390466855, "clsAccel": -0.03000009059906006, "clsGreen": 0, "scenario": "Precio bajo VAL (21.0% bajo el VA). Sesgo alcista hacia el PoC. ⚠️ Contra tendencia bajista (EMA200).", "sym": "NMG", "tf": "1d", "sector": "Grafito", "bt": {"total": 5, "wr": 60, "avgPnl": 3.42, "totalPnl": 17.1, "avgRR": 2.1}}, "EOG|1d": {"signal": "SHORT", "entry": 138.4600067138672, "stop": 140.5369068145752, "target": 132.08400146484374, "target2": 129.50800231933593, "rr": 3.07, "labelClass": "corto_estrecho", "isNewCross": true, "trendBias": 1, "poc": 132.08400146484374, "vah": 137.60399963378907, "val": 129.50800231933593, "clsRsi": 58.1085715940727, "clsAccel": 1.529998779296875, "clsGreen": 1, "scenario": "Precio sobre VAH (0.6% sobre el VA). 🛡️ SHORT seguro: cerca del borde con giro/contexto bajista (mayor probabilidad). Sesgo bajista hacia el PoC. ⚠️ Contra tendencia alcista (EMA200).", "sym": "EOG", "tf": "1d", "sector": "Petróleo", "bt": {"total": 15, "wr": 60, "avgPnl": 1.98, "totalPnl": 29.73, "avgRR": 3.52}}, "FTI|1d": {"signal": "SHORT", "entry": 72.01000213623047, "stop": 74.06012689704895, "target": 67.8120002746582, "target2": 64.10960083007812, "rr": 2.05, "labelClass": "corto_estrecho", "isNewCross": false, "trendBias": 1, "poc": 67.8120002746582, "vah": 70.9447998046875, "val": 64.10960083007812, "clsRsi": 64.09967292095712, "clsAccel": 2.040008544921875, "clsGreen": 0, "scenario": "Precio sobre VAH (1.5% sobre el VA). Sesgo bajista hacia el PoC. ⚠️ Contra tendencia alcista (EMA200).", "sym": "FTI", "tf": "1d", "sector": "Servicios petróleo", "bt": {"total": 3, "wr": 67, "avgPnl": 7.59, "totalPnl": 22.76, "avgRR": 7.21}}, "TPL|1d": {"signal": "SHORT", "entry": 416.04998779296875, "stop": 427.29997946289063, "target": 397.39479370117186, "target2": 369.7359924316406, "rr": 1.66, "labelClass": "corto_estrecho", "isNewCross": true, "trendBias": 1, "poc": 397.39479370117186, "vah": 412.2879943847656, "val": 369.7359924316406, "clsRsi": 60.1066746251281, "clsAccel": 5.0999755859375, "clsGreen": 1, "scenario": "Precio sobre VAH (0.9% sobre el VA). Sesgo bajista hacia el PoC. ⚠️ Contra tendencia alcista (EMA200).", "sym": "TPL", "tf": "1d", "sector": "Petróleo/Royalty", "bt": {"total": 9, "wr": 67, "avgPnl": 9.4, "totalPnl": 84.63, "avgRR": 5.81}}, "IRDM|1d": {"signal": "SHORT", "entry": 46.61000061035156, "stop": 47.452243321380614, "target": 18.141799659729003, "target2": 15.649999618530273, "rr": 33.8, "labelClass": "corto_extendido", "isNewCross": false, "trendBias": 1, "poc": 18.141799659729003, "vah": 42.2292000579834, "val": 15.649999618530273, "clsRsi": 60.025219649711765, "clsAccel": -1.8699951171875, "clsGreen": 0, "scenario": "Precio sobre VAH (10.4% sobre el VA). Sesgo bajista hacia el PoC. ⚠️ Contra tendencia alcista (EMA200).", "sym": "IRDM", "tf": "1d", "sector": "Satélite", "bt": {"total": 1, "wr": 100, "avgPnl": 5.17, "totalPnl": 5.17, "avgRR": 3.03}}, "LAES|1d": {"signal": "LONG", "entry": 2.440000057220459, "stop": 2.4034000563621523, "target": 3.100800085067749, "target2": 3.6040000915527344, "rr": 18.05, "labelClass": "caida_recorrido", "isNewCross": false, "trendBias": -1, "poc": 3.100800085067749, "vah": 3.6040000915527344, "val": 3.01200008392334, "clsRsi": 15.887855048657443, "clsAccel": -0.1400001049041748, "clsGreen": 0, "scenario": "Precio bajo VAL (19.0% bajo el VA). Sesgo alcista hacia el PoC. ⚠️ Contra tendencia bajista (EMA200).", "sym": "LAES", "tf": "1d", "sector": "Cuántica/Cripto", "bt": {"total": 11, "wr": 73, "avgPnl": 11.81, "totalPnl": 129.89, "avgRR": 5.99}}, "ZS|1d": {"signal": "SHORT", "entry": 146.42999267578125, "stop": 148.82851595581056, "target": 124.74719940185547, "target2": 119.5, "rr": 9.04, "labelClass": "corto_extendido", "isNewCross": false, "trendBias": -1, "poc": 124.74719940185547, "vah": 143.487197265625, "val": 119.5, "clsRsi": 67.84981916436485, "clsAccel": 2.139984130859375, "clsGreen": 0, "scenario": "Precio sobre VAH (2.1% sobre el VA). 🛡️ SHORT seguro: cerca del borde con giro/contexto bajista (mayor probabilidad). Sesgo bajista hacia el PoC.", "sym": "ZS", "tf": "1d", "sector": "Ciberseguridad", "bt": {"total": 7, "wr": 100, "avgPnl": 13.52, "totalPnl": 94.66, "avgRR": 5.89}}, "STEM|1d": {"signal": "LONG", "entry": 6.320000171661377, "stop": 5.940800161361694, "target": 8.992200107574464, "target2": 10.32760025024414, "rr": 7.05, "labelClass": "caida_recorrido", "isNewCross": false, "trendBias": -1, "poc": 8.992200107574464, "vah": 10.32760025024414, "val": 7.1711999130249025, "clsRsi": 33.802827542981234, "clsAccel": -0.3299999237060547, "clsGreen": 0, "scenario": "Precio bajo VAL (11.9% bajo el VA). Sesgo alcista hacia el PoC. ⚠️ Contra tendencia bajista (EMA200).", "sym": "STEM", "tf": "1d", "sector": "Almacenamiento/IA", "bt": {"total": 13, "wr": 54, "avgPnl": 8.23, "totalPnl": 106.93, "avgRR": 6.31}}, "PEN|1d": {"signal": "RANGE_LONG", "entry": 319.6000061035156, "stop": 312.5368459686279, "target": 340.5093963623047, "target2": 343.3659973144531, "rr": 2.96, "labelClass": "empuje_favor", "isNewCross": true, "trendBias": 1, "poc": 340.5093963623047, "vah": 343.3659973144531, "val": 318.6087890625, "clsRsi": 57.75745184547509, "clsAccel": 2.399993896484375, "clsGreen": 2, "scenario": "Dentro del VA bajo el PoC. ⭐ Range premium: momentum/empuje que favorece llegar al PoC (WR muy alto). Sesgo alcista hacia el PoC.", "sym": "PEN", "tf": "1d", "sector": "Uranio", "bt": {"total": 3, "wr": 100, "avgPnl": 9.24, "totalPnl": 27.71, "avgRR": 5.32}}, "SLAB|1d": {"signal": "RANGE_LONG", "entry": 218.3699951171875, "stop": 214.39566120605468, "target": 218.52939422607423, "target2": 219.31959411621094, "rr": 0.04, "labelClass": "empuje_favor", "isNewCross": false, "trendBias": 1, "poc": 218.52939422607423, "vah": 219.31959411621094, "val": 217.56359436035157, "clsRsi": 54.251030903952184, "clsAccel": -0.010009765625, "clsGreen": 2, "scenario": "Dentro del VA bajo el PoC. Sesgo alcista hacia el PoC.", "sym": "SLAB", "tf": "1d", "sector": "Semis", "bt": {"total": 3, "wr": 100, "avgPnl": 4.6, "totalPnl": 13.8, "avgRR": 2.18}}, "SYM|1d": {"signal": "RANGE_SHORT", "entry": 41.97999954223633, "stop": 43.98832272033692, "target": 41.07430152893066, "target2": 38.185001373291016, "rr": 0.45, "labelClass": "corto_favor", "isNewCross": false, "trendBias": -1, "poc": 41.07430152893066, "vah": 49.74220199584961, "val": 38.185001373291016,