{"GOLD|1d": {"signal": "SHORT", "entry": 45.10499954223633, "stop": 46.471229978370665, "target": 41.8419995880127, "target2": 40.147999420166016, "rr": 2.39, "labelClass": "corto_estrecho", "isNewCross": true, "trendBias": 1, "poc": 41.8419995880127, "vah": 43.227999725341796, "val": 40.147999420166016, "clsRsi": 58.614143177082106, "clsAccel": 1.6550025939941406, "clsGreen": 3, "scenario": "Precio sobre VAH (4.3% sobre el VA). Sesgo bajista hacia el PoC. ⚠️ Contra tendencia alcista (EMA200).", "sym": "GOLD", "tf": "1d", "sector": "Oro", "bt": {"total": 11, "wr": 73, "avgPnl": 5.06, "totalPnl": 55.61, "avgRR": 3.03}}, "GFI|1d": {"signal": "LONG", "entry": 35.564998626708984, "stop": 34.44612376991272, "target": 39.56560070037842, "target2": 49.510801086425786, "rr": 3.58, "labelClass": "caida_recorrido", "isNewCross": false, "trendBias": -1, "poc": 39.56560070037842, "vah": 49.510801086425786, "val": 37.40360061645508, "clsRsi": 48.925239272218874, "clsAccel": 1.6949996948242188, "clsGreen": 3, "scenario": "Precio bajo VAL (4.9% bajo el VA). Sesgo alcista hacia el PoC. ⚠️ Contra tendencia bajista (EMA200).", "sym": "GFI", "tf": "1d", "sector": "Oro", "bt": {"total": 2, "wr": 100, "avgPnl": 18.58, "totalPnl": 37.16, "avgRR": 5.47}}, "LMT|1d": {"signal": "SHORT", "entry": 538.5700073242188, "stop": 548.5820237603759, "target": 518.0823889160156, "target2": 504.67558837890624, "rr": 2.05, "labelClass": "corto_estrecho", "isNewCross": true, "trendBias": -1, "poc": 518.0823889160156, "vah": 531.489189453125, "val": 504.67558837890624, "clsRsi": 46.53649040562552, "clsAccel": 4.389984130859375, "clsGreen": 3, "scenario": "Precio sobre VAH (1.3% sobre el VA). 🛡️ SHORT seguro: cerca del borde con giro/contexto bajista (mayor probabilidad). Sesgo bajista hacia el PoC.", "sym": "LMT", "tf": "1d", "sector": "Defensa", "bt": {"total": 3, "wr": 67, "avgPnl": 4.49, "totalPnl": 13.48, "avgRR": 3.51}}, "BA.|1d": {"signal": "RANGE_LONG", "entry": 1988.5, "stop": 1954.635845, "target": 2276.9, "target2": 2326.76, "rr": 8.52, "labelClass": "empuje_favor", "isNewCross": false, "trendBias": 1, "poc": 2276.9, "vah": 2326.76, "val": 1894.64, "clsRsi": 58.69809203142537, "clsAccel": 72.5, "clsGreen": 3, "scenario": "Dentro del VA bajo el PoC. ⭐ Range premium: momentum/empuje que favorece llegar al PoC (WR muy alto). Sesgo alcista hacia el PoC.", "sym": "BA.", "tf": "1d", "sector": "Defensa", "bt": {"total": 5, "wr": 100, "avgPnl": 7.92, "totalPnl": 39.58, "avgRR": 5.3}}, "OKLO|1d": {"signal": "LONG", "entry": 55.77000045776367, "stop": 52.42380043029785, "target": 69.36431968688964, "target2": 73.83535980224609, "rr": 4.06, "labelClass": "caida_recorrido", "isNewCross": false, "trendBias": -1, "poc": 69.36431968688964, "vah": 73.83535980224609, "val": 57.228639373779295, "clsRsi": 46.32430360279043, "clsAccel": 3.200000762939453, "clsGreen": 2, "scenario": "Precio bajo VAL (2.5% bajo el VA). 🛡️ LONG seguro: cerca del VAL con giro confirmado (mayor probabilidad de acierto). Sesgo alcista hacia el PoC. ⚠️ Contra tendencia bajista (EMA200).", "sym": "OKLO", "tf": "1d", "sector": "Nuclear SMR", "bt": {"total": 5, "wr": 80, "avgPnl": 19.98, "totalPnl": 99.91, "avgRR": 4.0}}, "HO|1d": {"signal": "SHORT", "entry": 240.3000030517578, "stop": 243.9045030975342, "target": 230.6420004272461, "target2": 224.24000244140626, "rr": 2.68, "labelClass": "corto_estrecho", "isNewCross": true, "trendBias": 1, "poc": 230.6420004272461, "vah": 237.04399841308594, "val": 224.24000244140626, "clsRsi": 55.147065010863464, "clsAccel": 6.300018310546875, "clsGreen": 4, "scenario": "Precio sobre VAH (1.4% sobre el VA). 🛡️ SHORT seguro: cerca del borde con giro/contexto bajista (mayor probabilidad). Sesgo bajista hacia el PoC. ⚠️ Contra tendencia alcista (EMA200).", "sym": "HO", "tf": "1d", "sector": "Defensa EU", "bt": {"total": 11, "wr": 64, "avgPnl": 2.73, "totalPnl": 29.98, "avgRR": 3.58}}, "SAAB|1d": {"signal": "SHORT", "entry": 562.7000122070312, "stop": 571.3318303942871, "target": 504.26599548339846, "target2": 493.3559948730469, "rr": 6.77, "labelClass": "corto_estrecho", "isNewCross": true, "trendBias": 1, "poc": 504.26599548339846, "vah": 536.9959973144531, "val": 493.3559948730469, "clsRsi": 58.49582806111845, "clsAccel": 26.5, "clsGreen": 4, "scenario": "Precio sobre VAH (4.8% sobre el VA). Sesgo bajista hacia el PoC. ⚠️ Contra tendencia alcista (EMA200).", "sym": "SAAB", "tf": "1d", "sector": "Defensa EU", "bt": {"total": 10, "wr": 70, "avgPnl": 6.79, "totalPnl": 67.94, "avgRR": 6.29}}, "ASM|1d": {"signal": "RANGE_LONG", "entry": 6.792300224304199, "stop": 6.439100612640381, "target": 6.819999694824219, "target2": 7.313199653625488, "rr": 0.08, "labelClass": "empuje_favor", "isNewCross": false, "trendBias": 1, "poc": 6.819999694824219, "vah": 7.313199653625488, "val": 5.888399772644043, "clsRsi": 61.83317576762056, "clsAccel": 0.41230010986328125, "clsGreen": 6, "scenario": "Dentro del VA bajo el PoC. ⭐ Range premium: momentum/empuje que favorece llegar al PoC (WR muy alto). Sesgo alcista hacia el PoC.", "sym": "ASM", "tf": "1d", "sector": "Plata", "bt": {"total": 11, "wr": 73, "avgPnl": 12.53, "totalPnl": 137.84, "avgRR": 4.69}}, "PLG|1d": {"signal": "LONG", "entry": 1.475000023841858, "stop": 1.45287502348423, "target": 1.7287999868392945, "target2": 1.9211999893188476, "rr": 11.47, "labelClass": "caida_recorrido", "isNewCross": false, "trendBias": -1, "poc": 1.7287999868392945, "vah": 1.9211999893188476, "val": 1.565999984741211, "clsRsi": 55.39568555101436, "clsAccel": 0.04500007629394531, "clsGreen": 2, "scenario": "Precio bajo VAL (5.8% bajo el VA). Sesgo alcista hacia el PoC. ⚠️ Contra tendencia bajista (EMA200).", "sym": "PLG", "tf": "1d", "sector": "Platino/PGM", "bt": {"total": 6, "wr": 50, "avgPnl": 4.81, "totalPnl": 28.83, "avgRR": 7.77}}, "NG|1d": {"signal": "LONG", "entry": 6.579999923706055, "stop": 6.342198726463318, "target": 8.17960012435913, "target2": 9.363200149536134, "rr": 6.73, "labelClass": "caida_recorrido", "isNewCross": false, "trendBias": -1, "poc": 8.17960012435913, "vah": 9.363200149536134, "val": 6.780800094604492, "clsRsi": 44.73118023757155, "clsAccel": 0.40999937057495117, "clsGreen": 2, "scenario": "Precio bajo VAL (3.0% bajo el VA). Sesgo alcista hacia el PoC. ⚠️ Contra tendencia bajista (EMA200).", "sym": "NG", "tf": "1d", "sector": "Oro/Cobre", "bt": {"total": 6, "wr": 83, "avgPnl": 7.23, "totalPnl": 43.36, "avgRR": 3.19}}, "UAMY|1d": {"signal": "RANGE_LONG", "entry": 8.074999809265137, "stop": 7.643552569456101, "target": 8.721600236892701, "target2": 10.617600288391113, "rr": 1.5, "labelClass": "empuje_favor", "isNewCross": false, "trendBias": 1, "poc": 8.721600236892701, "vah": 10.617600288391113, "val": 6.825600185394287, "clsRsi": 57.95090845395401, "clsAccel": -0.06499958038330078, "clsGreen": 3, "scenario": "Dentro del VA bajo el PoC. Sesgo alcista hacia el PoC.", "sym": "UAMY", "tf": "1d", "sector": "Antimonio", "bt": {"total": 8, "wr": 62, "avgPnl": 6.87, "totalPnl": 54.95, "avgRR": 7.58}}, "NMG|1d": {"signal": "LONG", "entry": 1.6150000095367432, "stop": 1.5895960593867302, "target": 1.9050000309944153, "target2": 2.2260000467300416, "rr": 11.42, "labelClass": "caida_giro", "isNewCross": false, "trendBias": -1, "poc": 1.9050000309944153, "vah": 2.2260000467300416, "val": 1.7980000257492066, "clsRsi": 60.0, "clsAccel": 0.05500006675720215, "clsGreen": 2, "scenario": "Precio bajo VAL (10.2% bajo el VA). 💎 LONG pelotazo: muy caído + gran recorrido al PoC + giro. Alto PnL/op con buena probabilidad. Sesgo alcista hacia el PoC. ⚠️ Contra tendencia bajista (EMA200).", "sym": "NMG", "tf": "1d", "sector": "Grafito", "bt": {"total": 6, "wr": 67, "avgPnl": 3.48, "totalPnl": 20.87, "avgRR": 2.76}}, "DPRO|1d": {"signal": "LONG", "entry": 5.5, "stop": 5.204705, "target": 7.666199760437012, "target2": 8.279999732971191, "rr": 7.34, "labelClass": "caida_recorrido", "isNewCross": false, "trendBias": -1, "poc": 7.666199760437012, "vah": 8.279999732971191,