{"SCCO|1d": {"signal": "RANGE_LONG", "entry": 176.88499450683594, "stop": 168.16987082748412, "target": 189.94956115722655, "target2": 195.40150756835936, "rr": 1.5, "labelClass": "empuje_favor", "isNewCross": false, "trendBias": 1, "poc": 189.94956115722655, "vah": 195.40150756835936, "val": 173.59372192382813, "clsRsi": 52.73412416020201, "clsAccel": -0.7350006103515625, "clsGreen": 2, "scenario": "Dentro del VA bajo el PoC. Sesgo alcista hacia el PoC.", "sym": "SCCO", "tf": "1d", "sector": "Cobre", "bt": {"total": 1, "wr": 100, "avgPnl": 4.26, "totalPnl": 4.26, "avgRR": 0.99}}, "KTOS|1d": {"signal": "LONG", "entry": 48.08000183105469, "stop": 46.26113536178589, "target": 61.4168009185791, "target2": 65.99720169067382, "rr": 7.33, "labelClass": "caida_recorrido", "isNewCross": false, "trendBias": -1, "poc": 61.4168009185791, "vah": 65.99720169067382, "val": 55.17079986572266, "clsRsi": 26.142600280941636, "clsAccel": 3.390003204345703, "clsGreen": 1, "scenario": "Precio bajo VAL (12.9% bajo el VA). 💎 LONG pelotazo: muy caído + gran recorrido al PoC + giro. Alto PnL/op con buena probabilidad. Sesgo alcista hacia el PoC. ⚠️ Contra tendencia bajista (EMA200).", "sym": "KTOS", "tf": "1d", "sector": "Drones/Defensa", "bt": {"total": 4, "wr": 50, "avgPnl": 3.82, "totalPnl": 15.27, "avgRR": 1.9}}, "OKLO|1d": {"signal": "LONG", "entry": 50.849998474121094, "stop": 47.79899856567383, "target": 69.36431968688964, "target2": 73.83535980224609, "rr": 6.07, "labelClass": "caida_recorrido", "isNewCross": false, "trendBias": -1, "poc": 69.36431968688964, "vah": 73.83535980224609, "val": 58.50607940673828, "clsRsi": 38.154445090629665, "clsAccel": 2.890003204345703, "clsGreen": 0, "scenario": "Precio bajo VAL (13.1% bajo el VA). 💎 LONG pelotazo: muy caído + gran recorrido al PoC + giro. Alto PnL/op con buena probabilidad. Sesgo alcista hacia el PoC. ⚠️ Contra tendencia bajista (EMA200).", "sym": "OKLO", "tf": "1d", "sector": "Nuclear SMR", "bt": {"total": 5, "wr": 80, "avgPnl": 19.98, "totalPnl": 99.91, "avgRR": 4.0}}, "IAG|1d": {"signal": "RANGE_LONG", "entry": 16.295000076293945, "stop": 15.703980423526763, "target": 16.558199939727782, "target2": 18.02520004272461, "rr": 0.45, "labelClass": "empuje_favor", "isNewCross": false, "trendBias": 1, "poc": 16.558199939727782, "vah": 18.02520004272461, "val": 15.286799850463867, "clsRsi": 55.35167995938457, "clsAccel": -0.13500022888183594, "clsGreen": 2, "scenario": "Dentro del VA bajo el PoC. Sesgo alcista hacia el PoC.", "sym": "IAG", "tf": "1d", "sector": "Oro", "bt": {"total": 13, "wr": 77, "avgPnl": 5.54, "totalPnl": 72.01, "avgRR": 5.66}}, "SVM|1d": {"signal": "RANGE_LONG", "entry": 11.234999656677246, "stop": 10.922441966228485, "target": 12.392300395965576, "target2": 13.017800407409668, "rr": 3.7, "labelClass": "empuje_favor", "isNewCross": false, "trendBias": 1, "poc": 12.392300395965576, "vah": 13.017800407409668, "val": 10.5158003616333, "clsRsi": 54.10061492595388, "clsAccel": 0.41499996185302734, "clsGreen": 2, "scenario": "Dentro del VA bajo el PoC. ⭐ Range premium: momentum/empuje que favorece llegar al PoC (WR muy alto). Sesgo alcista hacia el PoC.", "sym": "SVM", "tf": "1d", "sector": "Plata", "bt": {"total": 6, "wr": 50, "avgPnl": 3.79, "totalPnl": 22.77, "avgRR": 7.79}}, "PLG|1d": {"signal": "LONG", "entry": 1.3401000499725342, "stop": 1.3199985492229462, "target": 1.7287999868392945, "target2": 1.891599988937378, "rr": 19.34, "labelClass": "caida_recorrido", "isNewCross": false, "trendBias": -1, "poc": 1.7287999868392945, "vah": 1.891599988937378, "val": 1.565999984741211, "clsRsi": 44.78436748548843, "clsAccel": 0.06010019779205322, "clsGreen": 1, "scenario": "Precio bajo VAL (14.4% bajo el VA). 💎 LONG pelotazo: muy caído + gran recorrido al PoC + giro. Alto PnL/op con buena probabilidad. Sesgo alcista hacia el PoC. ⚠️ Contra tendencia bajista (EMA200).", "sym": "PLG", "tf": "1d", "sector": "Platino/PGM", "bt": {"total": 6, "wr": 50, "avgPnl": 4.81, "totalPnl": 28.83, "avgRR": 7.77}}, "USAS|1d": {"signal": "LONG", "entry": 5.019999980926514, "stop": 4.797463381772041, "target": 5.868399991989135, "target2": 6.537200088500977, "rr": 3.81, "labelClass": "caida_recorrido", "isNewCross": false, "trendBias": -1, "poc": 5.868399991989135, "vah": 6.537200088500977, "val": 5.199599895477295, "clsRsi": 51.4204531985004, "clsAccel": 0.0, "clsGreen": 2, "scenario": "Precio bajo VAL (3.5% bajo el VA). Sesgo alcista hacia el PoC. ⚠️ Contra tendencia bajista (EMA200).", "sym": "USAS", "tf": "1d", "sector": "Plata", "bt": {"total": 3, "wr": 67, "avgPnl": 17.04, "totalPnl": 51.12, "avgRR": 7.13}}, "EU|1d": {"signal": "LONG", "entry": 1.375, "stop": 1.30546625, "target": 1.646400022506714, "target2": 1.9592000484466552, "rr": 3.9, "labelClass": "caida_recorrido", "isNewCross": false, "trendBias": -1, "poc": 1.646400022506714, "vah": 1.9592000484466552, "val": 1.5176000118255615, "clsRsi": 49.738220091350534, "clsAccel": 0.10499989986419678, "clsGreen": 1, "scenario": "Precio bajo VAL (9.4% bajo el VA). 💎 LONG pelotazo: muy caído + gran recorrido al PoC + giro. Alto PnL/op con buena probabilidad. Sesgo alcista hacia el PoC. ⚠️ Contra tendencia bajista (EMA200).", "sym": "EU", "tf": "1d", "sector": "Uranio/Tierras raras", "bt": {"total": 3, "wr": 67, "avgPnl": 7.58, "totalPnl": 22.73, "avgRR": 2.27}}, "NNE|1d": {"signal": "LONG", "entry": 20.06999969482422, "stop": 19.459470304107665, "target": 26.272800216674803, "target2": 28.0452001953125, "rr": 10.16, "labelClass": "caida_recorrido", "isNewCross": false, "trendBias": -1, "poc": 26.272800216674803, "vah": 28.0452001953125, "val": 22.474800262451172, "clsRsi": 42.45894522290306, "clsAccel": 1.9200000762939453, "clsGreen": 0, "scenario": "Precio bajo VAL (10.7% bajo el VA). 💎 LONG pelotazo: muy caído + gran recorrido al PoC + giro. Alto PnL/op con buena probabilidad. Sesgo alcista hacia el PoC. ⚠️ Contra tendencia bajista (EMA200).", "sym": "NNE", "tf": "1d", "sector": "Nuclear SMR", "bt": {"total": 9, "wr": 56, "avgPnl": 5.76, "totalPnl": 51.85, "avgRR": 6.9}}, "NMG|1d": {"signal": "LONG", "entry": 1.4500000476837158, "stop": 1.427191546933651, "target": 1.9050000309944153, "target2": 2.183200044631958, "rr": 19.95, "labelClass": "caida_recorrido", "isNewCross": false, "trendBias": -1, "poc": 1.9050000309944153, "vah": 2.183200044631958, "val": 1.7980000257492066, "clsRsi": 41.666676600771765, "clsAccel": -0.020000100135803223, "clsGreen": 0, "scenario": "Precio bajo VAL (19.4% bajo el VA). Sesgo alcista hacia el PoC. ⚠️ Contra tendencia bajista (EMA200).", "sym": "NMG", "tf": "1d", "sector": "Grafito", "bt": {"total": 6, "wr": 67, "avgPnl": 3.48, "totalPnl": 20.87, "avgRR": 2.76}}, "VLO|1d": {"signal": "SHORT", "entry": 259.29150390625, "stop": 263.8083619042969, "target": 244.23199432373048, "target2": 233.0339990234375, "rr": 3.33, "labelClass": "corto_estrecho", "isNewCross": true, "trendBias": 1, "poc": 244.23199432373048, "vah": 255.42998962402345, "val": 233.0339990234375, "clsRsi": 52.67402155408902, "clsAccel": -8.39849853515625, "clsGreen": 2, "scenario": "Precio sobre VAH (1.5% sobre el VA). 🛡️ SHORT seguro: cerca del borde con giro/contexto bajista (mayor probabilidad). Sesgo bajista hacia el PoC. ⚠️ Contra tendencia alcista (EMA200).", "sym": "VLO", "tf": "1d", "sector": "Refino", "bt": {"total": 10, "wr": 60, "avgPnl": 2.46, "totalPnl": 24.62, "avgRR": 4.24}}, "PSX|1d": {"signal": "RANGE_LONG", "entry": 173.17999267578125, "stop": 170.3207909967041, "target": 176.2972006225586, "target2": 179.73920043945313, "rr": 1.09, "labelClass": "empuje_favor", "isNewCross": false, "trendBias": 1, "poc": 176.2972006225586, "vah": 179.73920043945313, "val": 164.59440124511718, "clsRsi": 36.32594152506258, "clsAccel": -1.6999969482421875, "clsGreen": 2, "scenario": "Dentro del VA bajo el PoC. Sesgo alcista hacia el PoC.", "sym": "PSX", "tf": "1d", "sector": "Refino", "bt": {"total": 3, "wr": 33, "avgPnl": 0.55, "totalPnl": 1.65, "avgRR": 5.04}},