{"CDE|1d": {"signal": "LONG", "entry": 15.690199851989746, "stop": 15.4548468542099, "target": 17.60119945526123, "target2": 19.47319938659668, "rr": 8.12, "labelClass": "caida_recorrido", "isNewCross": false, "trendBias": -1, "poc": 17.60119945526123, "vah": 19.47319938659668, "val": 16.977199478149416, "clsRsi": 38.396951063434486, "clsAccel": 0.5201997756958008, "clsGreen": 0, "scenario": "Precio bajo VAL (7.6% bajo el VA). 💎 LONG pelotazo: muy caído + gran recorrido al PoC + giro. Alto PnL/op con buena probabilidad. Sesgo alcista hacia el PoC. ⚠️ Contra tendencia bajista (EMA200).", "sym": "CDE", "tf": "1d", "sector": "Plata", "bt": {"total": 11, "wr": 73, "avgPnl": 2.47, "totalPnl": 27.14, "avgRR": 2.63}}, "RTX|1d": {"signal": "SHORT", "entry": 186.00999450683594, "stop": 189.34701380828858, "target": 175.92579864501954, "target2": 173.58679870605468, "rr": 3.02, "labelClass": "corto_estrecho", "isNewCross": false, "trendBias": 1, "poc": 175.92579864501954, "vah": 183.8783984375, "val": 173.58679870605468, "clsRsi": 63.44922977280752, "clsAccel": -4.94000244140625, "clsGreen": 0, "scenario": "Precio sobre VAH (1.2% sobre el VA). Sesgo bajista hacia el PoC. ⚠️ Contra tendencia alcista (EMA200).", "sym": "RTX", "tf": "1d", "sector": "Defensa", "bt": {"total": 5, "wr": 80, "avgPnl": 8.64, "totalPnl": 43.19, "avgRR": 7.61}}, "JOBY|1d": {"signal": "RANGE_SHORT", "entry": 9.319999694824219, "stop": 9.751329280700684, "target": 8.97850009918213, "target2": 8.317000045776368, "rr": 0.79, "labelClass": "corto_favor", "isNewCross": false, "trendBias": -1, "poc": 8.97850009918213, "vah": 10.396000213623047, "val": 8.317000045776368, "clsRsi": 31.71576739207613, "clsAccel": 0.07999897003173828, "clsGreen": 0, "scenario": "Dentro del VA sobre el PoC. 🛡️ Range con contexto favorable (sobreventa/tendencia) — el resto de RANGE_SHORT pierde de media. Sesgo bajista hacia el PoC.", "sym": "JOBY", "tf": "1d", "sector": "eVTOL", "bt": {"total": 2, "wr": 50, "avgPnl": -1.69, "totalPnl": -3.39, "avgRR": 1.15}}, "OKLO|1d": {"signal": "LONG", "entry": 54.59000015258789, "stop": 51.314600143432614, "target": 69.53419929504395, "target2": 74.66239959716796, "rr": 4.56, "labelClass": "caida_recorrido", "isNewCross": false, "trendBias": -1, "poc": 69.53419929504395, "vah": 74.66239959716796, "val": 59.847598724365234, "clsRsi": 34.518948206519084, "clsAccel": -1.3899955749511719, "clsGreen": 0, "scenario": "Precio bajo VAL (8.8% bajo el VA). Sesgo alcista hacia el PoC. ⚠️ Contra tendencia bajista (EMA200).", "sym": "OKLO", "tf": "1d", "sector": "Nuclear SMR", "bt": {"total": 5, "wr": 80, "avgPnl": 19.98, "totalPnl": 99.91, "avgRR": 4.0}}, "PLG|1d": {"signal": "LONG", "entry": 1.3049999475479126, "stop": 1.285424948334694, "target": 1.7117999744415284, "target2": 1.8963999843597412, "rr": 20.78, "labelClass": "caida_recorrido", "isNewCross": false, "trendBias": -1, "poc": 1.7117999744415284, "vah": 1.8963999843597412, "val": 1.5839999675750733, "clsRsi": 29.714284624372212, "clsAccel": -0.015000104904174805, "clsGreen": 0, "scenario": "Precio bajo VAL (17.6% bajo el VA). Sesgo alcista hacia el PoC. ⚠️ Contra tendencia bajista (EMA200).", "sym": "PLG", "tf": "1d", "sector": "Platino/PGM", "bt": {"total": 6, "wr": 50, "avgPnl": 4.81, "totalPnl": 28.83, "avgRR": 7.77}}, "CLF|1d": {"signal": "RANGE_SHORT", "entry": 10.635000228881836, "stop": 11.040087387599945, "target": 10.222200155258179, "target2": 7.730000019073486, "rr": 1.02, "labelClass": "corto_favor", "isNewCross": false, "trendBias": -1, "poc": 10.222200155258179, "vah": 12.128000259399414, "val": 7.730000019073486, "clsRsi": 24.510520984153104, "clsAccel": 0.2050008773803711, "clsGreen": 0, "scenario": "Dentro del VA sobre el PoC. 🛡️ Range con contexto favorable (sobreventa/tendencia) — el resto de RANGE_SHORT pierde de media. Sesgo bajista hacia el PoC.", "sym": "CLF", "tf": "1d", "sector": "Acero", "bt": {"total": 6, "wr": 67, "avgPnl": 2.56, "totalPnl": 15.35, "avgRR": 1.98}}, "GSAT|1d": {"signal": "RANGE_LONG", "entry": 80.29499816894531, "stop": 77.72716412750245, "target": 81.5969970703125, "target2": 83.45879699707031, "rr": 0.51, "labelClass": "empuje_favor", "isNewCross": false, "trendBias": 1, "poc": 81.5969970703125, "vah": 83.45879699707031, "val": 78.4939971923828, "clsRsi": 42.4260109264453, "clsAccel": 0.2849884033203125, "clsGreen": 2, "scenario": "Dentro del VA bajo el PoC. ⭐ Range premium: momentum/empuje que favorece llegar al PoC (WR muy alto). Sesgo alcista hacia el PoC.", "sym": "GSAT", "tf": "1d", "sector": "Satélite", "bt": {"total": 9, "wr": 89, "avgPnl": 5.17, "totalPnl": 46.49, "avgRR": 4.34}}, "RCAT|1d": {"signal": "LONG", "entry": 9.890000343322754, "stop": 9.296600322723389, "target": 11.180299701690675, "target2": 14.897799911499025, "rr": 2.17, "labelClass": "caida_recorrido", "isNewCross": false, "trendBias": -1, "poc": 11.180299701690675, "vah": 14.897799911499025, "val": 10.734199676513672, "clsRsi": 31.758652387540465, "clsAccel": 0.15999984741210938, "clsGreen": 0, "scenario": "Precio bajo VAL (7.9% bajo el VA). 💎 LONG pelotazo: muy caído + gran recorrido al PoC + giro. Alto PnL/op con buena probabilidad. Sesgo alcista hacia el PoC. ⚠️ Contra tendencia bajista (EMA200).", "sym": "RCAT", "tf": "1d", "sector": "Drones", "bt": {"total": 10, "wr": 70, "avgPnl": 8.51, "totalPnl": 85.11, "avgRR": 3.57}}, "QRVO|1d": {"signal": "SHORT", "entry": 98.48999786376953, "stop": 100.87148601211548, "target": 78.37699813842774, "target2": 74.91999816894531, "rr": 8.45, "labelClass": "corto_extendido", "isNewCross": false, "trendBias": 1, "poc": 78.37699813842774, "vah": 97.04479797363281, "val": 74.91999816894531, "clsRsi": 41.493996533077414, "clsAccel": 1.2700042724609375, "clsGreen": 0, "scenario": "Precio sobre VAH (1.5% sobre el VA). 🛡️ SHORT seguro: cerca del borde con giro/contexto bajista (mayor probabilidad). Sesgo bajista hacia el PoC. ⚠️ Contra tendencia alcista (EMA200).", "sym": "QRVO", "tf": "1d", "sector": "Semis", "bt": {"total": 8, "wr": 50, "avgPnl": 8.61, "totalPnl": 68.89, "avgRR": 6.23}}, "EOSE|1d": {"signal": "LONG", "entry": 6.275000095367432, "stop": 5.945437090358734, "target": 7.770599956512451, "target2": 9.003599853515626, "rr": 4.54, "labelClass": "caida_recorrido", "isNewCross": false, "trendBias": -1, "poc": 7.770599956512451, "vah": 9.003599853515626, "val": 6.866400032043457, "clsRsi": 32.0596461592295, "clsAccel": 0.6350007057189941, "clsGreen": 0, "scenario": "Precio bajo VAL (8.6% bajo el VA). 💎 LONG pelotazo: muy caído + gran recorrido al PoC + giro. Alto PnL/op con buena probabilidad. Sesgo alcista hacia el PoC. ⚠️ Contra tendencia bajista (EMA200).", "sym": "EOSE", "tf": "1d", "sector": "Almacenamiento", "bt": {"total": 7, "wr": 86, "avgPnl": 34.46, "totalPnl": 241.25, "avgRR": 6.8}}, "MARA|1d": {"signal": "SHORT", "entry": 14.324999809265137, "stop": 14.946991300983429, "target": 8.809399948120117, "target2": 7.050799865722656, "rr": 8.87, "labelClass": "corto_extendido", "isNewCross": false, "trendBias": 1, "poc": 8.809399948120117, "vah": 12.131200103759767, "val": 7.050799865722656, "clsRsi": 52.15848428191667, "clsAccel": -0.22499942779541016, "clsGreen": 0, "scenario": "Precio sobre VAH (18.1% sobre el VA). Sesgo bajista hacia el PoC. ⚠️ Contra tendencia alcista (EMA200).", "sym": "MARA", "tf": "1d", "sector": "Cripto/Minería", "bt": {"total": 4, "wr": 50, "avgPnl": -1.12, "totalPnl": -4.5, "avgRR": 1.75}}, "INDI|1d": {"signal": "RANGE_SHORT", "entry": 3.5850000381469727, "stop": 3.74299098982811, "target": 2.5098999452590944, "target2": 2.319999933242798, "rr": 6.8, "labelClass": "corto_favor", "isNewCross": false, "trendBias": -1, "poc": 2.5098999452590944, "vah": 4.345600061416626, "val": 2.319999933242798, "clsRsi": 29.477014554343043, "clsAccel": 0.21500015258789062, "clsGreen": 0,