{"OKLO|1d": {"signal": "LONG", "entry": 52.45000076293945, "stop": 49.30300071716309, "target": 69.36431968688964, "target2": 73.83535980224609, "rr": 5.37, "labelClass": "caida_recorrido", "isNewCross": false, "trendBias": -1, "poc": 69.36431968688964, "vah": 73.83535980224609, "val": 57.228639373779295, "clsRsi": 47.28842785133242, "clsAccel": 0.5499954223632812, "clsGreen": 1, "scenario": "Precio bajo VAL (8.4% bajo el VA). 💎 LONG pelotazo: muy caído + gran recorrido al PoC + giro. Alto PnL/op con buena probabilidad. Sesgo alcista hacia el PoC. ⚠️ Contra tendencia bajista (EMA200).", "sym": "OKLO", "tf": "1d", "sector": "Nuclear SMR", "bt": {"total": 5, "wr": 80, "avgPnl": 19.98, "totalPnl": 99.91, "avgRR": 4.0}}, "GOOGL|1d": {"signal": "RANGE_LONG", "entry": 361.2099914550781, "stop": 355.7159874850464, "target": 363.1322009277344, "target2": 374.10959716796873, "rr": 0.35, "labelClass": "empuje_favor", "isNewCross": false, "trendBias": 1, "poc": 363.1322009277344, "vah": 374.10959716796873, "val": 336.4728100585937, "clsRsi": 52.84016823980238, "clsAccel": 0.1199951171875, "clsGreen": 3, "scenario": "Dentro del VA bajo el PoC. ⭐ Range premium: momentum/empuje que favorece llegar al PoC (WR muy alto). Sesgo alcista hacia el PoC.", "sym": "GOOGL", "tf": "1d", "sector": "IA/Tech", "bt": {"total": 5, "wr": 100, "avgPnl": 6.03, "totalPnl": 30.14, "avgRR": 3.64}}, "ASM|1d": {"signal": "RANGE_LONG", "entry": 6.360000133514404, "stop": 6.029280126571655, "target": 6.819999694824219, "target2": 7.313199653625488, "rr": 1.39, "labelClass": "empuje_favor", "isNewCross": false, "trendBias": 1, "poc": 6.819999694824219, "vah": 7.313199653625488, "val": 5.888399772644043, "clsRsi": 62.57143020629883, "clsAccel": -0.05000019073486328, "clsGreen": 5, "scenario": "Dentro del VA bajo el PoC. Sesgo alcista hacia el PoC.", "sym": "ASM", "tf": "1d", "sector": "Plata", "bt": {"total": 11, "wr": 73, "avgPnl": 12.53, "totalPnl": 137.84, "avgRR": 4.69}}, "PLG|1d": {"signal": "LONG", "entry": 1.3899999856948853, "stop": 1.369149985909462, "target": 1.7287999868392945, "target2": 1.9211999893188476, "rr": 16.25, "labelClass": "caida_recorrido", "isNewCross": false, "trendBias": -1, "poc": 1.7287999868392945, "vah": 1.9211999893188476, "val": 1.565999984741211, "clsRsi": 55.07245850998766, "clsAccel": 0.06999993324279785, "clsGreen": 1, "scenario": "Precio bajo VAL (11.2% bajo el VA). 💎 LONG pelotazo: muy caído + gran recorrido al PoC + giro. Alto PnL/op con buena probabilidad. Sesgo alcista hacia el PoC. ⚠️ Contra tendencia bajista (EMA200).", "sym": "PLG", "tf": "1d", "sector": "Platino/PGM", "bt": {"total": 6, "wr": 50, "avgPnl": 4.81, "totalPnl": 28.83, "avgRR": 7.77}}, "NMG|1d": {"signal": "LONG", "entry": 1.5299999713897705, "stop": 1.5059330718398094, "target": 1.9050000309944153, "target2": 2.2260000467300416, "rr": 15.58, "labelClass": "caida_recorrido", "isNewCross": false, "trendBias": -1, "poc": 1.9050000309944153, "vah": 2.2260000467300416, "val": 1.7980000257492066, "clsRsi": 64.81480950027253, "clsAccel": 0.039999961853027344, "clsGreen": 1, "scenario": "Precio bajo VAL (14.9% bajo el VA). 💎 LONG pelotazo: muy caído + gran recorrido al PoC + giro. Alto PnL/op con buena probabilidad. Sesgo alcista hacia el PoC. ⚠️ Contra tendencia bajista (EMA200).", "sym": "NMG", "tf": "1d", "sector": "Grafito", "bt": {"total": 6, "wr": 67, "avgPnl": 3.48, "totalPnl": 20.87, "avgRR": 2.76}}, "DPRO|1d": {"signal": "LONG", "entry": 5.269999980926514, "stop": 4.987053681950569, "target": 7.666199760437012, "target2": 8.279999732971191, "rr": 8.47, "labelClass": "caida_recorrido", "isNewCross": false, "trendBias": -1, "poc": 7.666199760437012, "vah": 8.279999732971191, "val": 5.961199836730957, "clsRsi": 42.85714499590534, "clsAccel": -0.43000030517578125, "clsGreen": 0, "scenario": "Precio bajo VAL (11.6% bajo el VA). Sesgo alcista hacia el PoC. ⚠️ Contra tendencia bajista (EMA200).", "sym": "DPRO", "tf": "1d", "sector": "Drones", "bt": {"total": 11, "wr": 55, "avgPnl": 12.94, "totalPnl": 142.3, "avgRR": 6.56}}, "UMAC|1d": {"signal": "RANGE_LONG", "entry": 23.219999313354492, "stop": 21.826799354553224, "target": 24.27074016571045, "target2": 27.199880294799804, "rr": 0.75, "labelClass": "empuje_favor", "isNewCross": false, "trendBias": 1, "poc": 24.27074016571045, "vah": 27.199880294799804, "val": 18.086999893188477, "clsRsi": 51.101843346555654, "clsAccel": -2.1499996185302734, "clsGreen": 4, "scenario": "Dentro del VA bajo el PoC. Sesgo alcista hacia el PoC.", "sym": "UMAC", "tf": "1d", "sector": "Drones", "bt": {"total": 9, "wr": 56, "avgPnl": 9.07, "totalPnl": 81.61, "avgRR": 5.84}}, "TXN|1d": {"signal": "RANGE_LONG", "entry": 298.4100036621094, "stop": 291.69876267974854, "target": 307.1865979003906, "target2": 322.0995983886719, "rr": 1.31, "labelClass": "empuje_favor", "isNewCross": false, "trendBias": 1, "poc": 307.1865979003906, "vah": 322.0995983886719, "val": 268.41279663085936, "clsRsi": 55.45140022353587, "clsAccel": -12.25, "clsGreen": 3, "scenario": "Dentro del VA bajo el PoC. Sesgo alcista hacia el PoC.", "sym": "TXN", "tf": "1d", "sector": "Semis", "bt": {"total": 7, "wr": 71, "avgPnl": 2.1, "totalPnl": 14.69, "avgRR": 2.92}}, "SOUN|1d": {"signal": "LONG", "entry": 6.679999828338623, "stop": 6.3821386359930035, "target": 8.211900014877319, "target2": 9.726200065612794, "rr": 5.14, "labelClass": "caida_recorrido", "isNewCross": false, "trendBias": -1, "poc": 8.211900014877319, "vah": 9.726200065612794, "val": 7.016399974822998, "clsRsi": 48.70848325412143, "clsAccel": 0.1400003433227539, "clsGreen": 2, "scenario": "Precio bajo VAL (4.8% bajo el VA). Sesgo alcista hacia el PoC. ⚠️ Contra tendencia bajista (EMA200).", "sym": "SOUN", "tf": "1d", "sector": "IA/Voz", "bt": {"total": 6, "wr": 67, "avgPnl": 6.17, "totalPnl": 37.02, "avgRR": 3.69}}, "CORZ|1d": {"signal": "LONG", "entry": 23.709999084472656, "stop": 22.658934825057983, "target": 29.052399139404297, "target2": 29.52159912109375, "rr": 5.08, "labelClass": "caida_recorrido", "isNewCross": false, "trendBias": 1, "poc": 29.052399139404297, "vah": 29.52159912109375, "val": 26.080799255371094, "clsRsi": 39.423067713942494, "clsAccel": -1.5300006866455078, "clsGreen": 0, "scenario": "Precio bajo VAL (9.1% bajo el VA). Sesgo alcista hacia el PoC.", "sym": "CORZ", "tf": "1d", "sector": "IA/Datacenter", "bt": {"total": 6, "wr": 67, "avgPnl": 13.68, "totalPnl": 82.1, "avgRR": 4.27}}, "RUN|1d": {"signal": "RANGE_SHORT", "entry": 13.109999656677246, "stop": 13.730364840431214, "target": 13.001200294494629, "target2": 12.079600143432618, "rr": 0.18, "labelClass": "corto_favor", "isNewCross": false, "trendBias": -1, "poc": 13.001200294494629, "vah": 14.742000579833984, "val": 12.079600143432618, "clsRsi": 59.04334655504831, "clsAccel": -0.17000102996826172, "clsGreen": 0, "scenario": "Dentro del VA sobre el PoC. Sesgo bajista hacia el PoC.", "sym": "RUN", "tf": "1d", "sector": "Solar", "bt": {"total": 8, "wr": 88, "avgPnl": 7.92, "totalPnl": 63.34, "avgRR": 3.55}}, "SHLS|1d": {"signal": "RANGE_LONG", "entry": 10.119999885559082, "stop": 9.631912291078567, "target": 10.21989990234375, "target2": 11.02720001220703, "rr": 0.2, "labelClass": "empuje_favor", "isNewCross": false, "trendBias": 1, "poc": 10.21989990234375, "vah": 11.02720001220703, "val": 9.053799743652343, "clsRsi": 56.463594513014684, "clsAccel": -0.3899993896484375, "clsGreen": 3, "scenario": "Dentro del VA bajo el PoC. Sesgo alcista hacia el PoC.", "sym": "SHLS", "tf": "1d", "sector": "Solar", "bt": {"total": 7, "wr": 57, "avgPnl": 3.23, "totalPnl": 22.59, "avgRR": 2.35}}, "MARA|1d": {"signal": "SHORT", "entry": 13.369999885559082, "stop": 13.950525280590057, "target": 8.809399948120117, "target2": 7.050799865722656, "rr": 7.86, "labelClass": "corto_extendido", "isNewCross": false, "trendBias": 1, "poc": 8.809399948120117, "vah": 12.522000122070313, "val": 7.050799865722656, "clsRsi": 55.795980359324375, "clsAccel": -0.3800010681152344, "clsGreen": 0,