{"NEM|1d": {"signal": "LONG", "entry": 101.80000305175781, "stop": 99.77520099105836, "target": 113.8298014831543, "target2": 120.18440032958985, "rr": 5.94, "labelClass": "pelotazo", "isNewCross": false, "trendBias": 1, "poc": 113.8298014831543, "vah": 120.18440032958985, "val": 111.10640197753906, "clsRsi": 42.40551666606217, "clsAccel": -0.1100006103515625, "clsGreen": 0, "scenario": "Precio bajo VAL (8.4% bajo el VA). Sesgo alcista hacia el PoC.", "sym": "NEM", "tf": "1d", "sector": "Oro", "bt": {"total": 4, "wr": 25, "avgPnl": -2.32, "totalPnl": -9.29, "avgRR": 6.42}}, "AEM|1d": {"signal": "LONG", "entry": 166.85000610351562, "stop": 164.34725601196288, "target": 217.51940490722657, "target2": 222.39840576171875, "rr": 20.25, "labelClass": "pelotazo", "isNewCross": false, "trendBias": -1, "poc": 217.51940490722657, "vah": 222.39840576171875, "val": 187.269599609375, "clsRsi": 43.223649665847134, "clsAccel": 6.5200042724609375, "clsGreen": 1, "scenario": "Precio bajo VAL (10.9% bajo el VA). 💎 LONG pelotazo: muy caído + gran recorrido al PoC + giro. Alto PnL/op con buena probabilidad. Sesgo alcista hacia el PoC. ⚠️ Contra tendencia bajista (EMA200).", "sym": "AEM", "tf": "1d", "sector": "Oro", "bt": {"total": 7, "wr": 86, "avgPnl": 10.1, "totalPnl": 70.7, "avgRR": 8.65}}, "AU|1d": {"signal": "RANGE_SHORT", "entry": 86.2300033569336, "stop": 88.24778543548584, "target": 85.98579879760742, "target2": 79.98999786376953, "rr": 0.12, "labelClass": "rebote", "isNewCross": false, "trendBias": -1, "poc": 85.98579879760742, "vah": 98.64360076904296, "val": 79.98999786376953, "clsRsi": 43.05390708950418, "clsAccel": -4.590003967285156, "clsGreen": 0, "scenario": "Dentro del VA sobre el PoC. Sesgo bajista hacia el PoC.", "sym": "AU", "tf": "1d", "sector": "Oro", "bt": {"total": 9, "wr": 89, "avgPnl": 7.65, "totalPnl": 68.84, "avgRR": 5.87}}, "HMY|1d": {"signal": "RANGE_SHORT", "entry": 16.139999389648438, "stop": 16.618388971557618, "target": 13.910599727630615, "target2": 13.029999732971191, "rr": 4.66, "labelClass": "rebote", "isNewCross": true, "trendBias": -1, "poc": 13.910599727630615, "vah": 16.80399971008301, "val": 13.029999732971191, "clsRsi": 41.54199394125892, "clsAccel": -0.7800006866455078, "clsGreen": 0, "scenario": "Dentro del VA sobre el PoC. Sesgo bajista hacia el PoC.", "sym": "HMY", "tf": "1d", "sector": "Oro", "bt": {"total": 7, "wr": 29, "avgPnl": 3.68, "totalPnl": 25.78, "avgRR": 9.28}}, "BTG|1d": {"signal": "RANGE_SHORT", "entry": 4.199999809265137, "stop": 4.319573803834915, "target": 3.4270000219345094, "target2": 2.363600044250488, "rr": 6.46, "labelClass": "rebote", "isNewCross": false, "trendBias": -1, "poc": 3.4270000219345094, "vah": 4.653999996185303, "val": 2.363600044250488, "clsRsi": 38.613857646605034, "clsAccel": 0.009999275207519531, "clsGreen": 0, "scenario": "Dentro del VA sobre el PoC. 🛡️ Range con contexto favorable (sobreventa/tendencia) — el resto de RANGE_SHORT pierde de media. Sesgo bajista hacia el PoC.", "sym": "BTG", "tf": "1d", "sector": "Oro", "bt": {"total": 8, "wr": 50, "avgPnl": 2.47, "totalPnl": 19.76, "avgRR": 6.07}}, "WPM|1d": {"signal": "RANGE_SHORT", "entry": 121.72000122070312, "stop": 124.20430644561768, "target": 120.73039916992188, "target2": 113.38999938964844, "rr": 0.4, "labelClass": "rebote", "isNewCross": false, "trendBias": -1, "poc": 120.73039916992188, "vah": 141.1203985595703, "val": 113.38999938964844, "clsRsi": 43.92954290164891, "clsAccel": 2.4300003051757812, "clsGreen": 0, "scenario": "Dentro del VA sobre el PoC. 🛡️ Range con contexto favorable (sobreventa/tendencia) — el resto de RANGE_SHORT pierde de media. Sesgo bajista hacia el PoC.", "sym": "WPM", "tf": "1d", "sector": "Oro/Plata", "bt": {"total": 3, "wr": 0, "avgPnl": -1.94, "totalPnl": -5.83, "avgRR": 9.54}}, "PAAS|1d": {"signal": "RANGE_SHORT", "entry": 48.90999984741211, "stop": 50.1689432434845, "target": 23.073000335693358, "target2": 17.860000610351562, "rr": 20.52, "labelClass": "rebote", "isNewCross": false, "trendBias": -1, "poc": 23.073000335693358, "vah": 49.13799896240235, "val": 17.860000610351562, "clsRsi": 35.680137693837125, "clsAccel": 1.3699989318847656, "clsGreen": 0, "scenario": "Dentro del VA sobre el PoC. 🛡️ Range con contexto favorable (sobreventa/tendencia) — el resto de RANGE_SHORT pierde de media. Sesgo bajista hacia el PoC.", "sym": "PAAS", "tf": "1d", "sector": "Plata", "bt": {"total": 10, "wr": 80, "avgPnl": 6.3, "totalPnl": 63.04, "avgRR": 3.68}}, "AG|1d": {"signal": "LONG", "entry": 17.719999313354492, "stop": 17.454199323654176, "target": 21.19499969482422, "target2": 21.857999801635742, "rr": 13.07, "labelClass": "pelotazo", "isNewCross": false, "trendBias": -1, "poc": 21.19499969482422, "vah": 21.857999801635742, "val": 19.20599937438965, "clsRsi": 36.12845524001028, "clsAccel": 0.26999855041503906, "clsGreen": 0, "scenario": "Precio bajo VAL (7.7% bajo el VA). 💎 LONG pelotazo: muy caído + gran recorrido al PoC + giro. Alto PnL/op con buena probabilidad. Sesgo alcista hacia el PoC. ⚠️ Contra tendencia bajista (EMA200).", "sym": "AG", "tf": "1d", "sector": "Plata", "bt": {"total": 8, "wr": 62, "avgPnl": 4.87, "totalPnl": 38.95, "avgRR": 6.52}}, "HL|1d": {"signal": "LONG", "entry": 15.979999542236328, "stop": 15.535435954971314, "target": 17.764999771118163, "target2": 19.48199951171875, "rr": 4.02, "labelClass": "pelotazo", "isNewCross": false, "trendBias": -1, "poc": 17.764999771118163, "vah": 19.48199951171875, "val": 17.25999984741211, "clsRsi": 40.24998676776255, "clsAccel": 0.11999893188476562, "clsGreen": 1, "scenario": "Precio bajo VAL (7.4% bajo el VA). 💎 LONG pelotazo: muy caído + gran recorrido al PoC + giro. Alto PnL/op con buena probabilidad. Sesgo alcista hacia el PoC. ⚠️ Contra tendencia bajista (EMA200).", "sym": "HL", "tf": "1d", "sector": "Plata", "bt": {"total": 6, "wr": 67, "avgPnl": 12.45, "totalPnl": 74.69, "avgRR": 6.9}}, "UEC|1d": {"signal": "LONG", "entry": 11.470000267028809, "stop": 10.846720452518463, "target": 14.948999996185304, "target2": 15.443999977111817, "rr": 5.58, "labelClass": "pelotazo", "isNewCross": false, "trendBias": -1, "poc": 14.948999996185304, "vah": 15.443999977111817, "val": 13.068000068664551, "clsRsi": 41.016949782663275, "clsAccel": -1.130000114440918, "clsGreen": 0, "scenario": "Precio bajo VAL (12.2% bajo el VA). Sesgo alcista hacia el PoC. ⚠️ Contra tendencia bajista (EMA200).", "sym": "UEC", "tf": "1d", "sector": "Uranio", "bt": {"total": 6, "wr": 67, "avgPnl": 18.38, "totalPnl": 110.29, "avgRR": 4.22}}, "UUUU|1d": {"signal": "LONG", "entry": 16.1200008392334, "stop": 15.485034006175995, "target": 21.005000114440918, "target2": 22.72760040283203, "rr": 7.69, "labelClass": "pelotazo", "isNewCross": false, "trendBias": -1, "poc": 21.005000114440918, "vah": 22.72760040283203, "val": 18.516799697875978, "clsRsi": 43.85245940083617, "clsAccel": -1.699997901916504, "clsGreen": 0, "scenario": "Precio bajo VAL (12.9% bajo el VA). Sesgo alcista hacia el PoC. ⚠️ Contra tendencia bajista (EMA200).", "sym": "UUUU", "tf": "1d", "sector": "Uranio", "bt": {"total": 10, "wr": 70, "avgPnl": 9.19, "totalPnl": 91.94, "avgRR": 4.68}}, "RHM|1d": {"signal": "LONG", "entry": 1192.199951171875, "stop": 1152.988494777832, "target": 1564.9099853515625, "target2": 1658.0519921875, "rr": 9.51, "labelClass": "pelotazo", "isNewCross": false, "trendBias": -1, "poc": 1564.9099853515625, "vah": 1658.0519921875, "val": 1391.9319726562499, "clsRsi": 48.196993763893275, "clsAccel": 15.9998779296875, "clsGreen": 1, "scenario": "Precio bajo VAL (14.3% bajo el VA). 💎 LONG pelotazo: muy caído + gran recorrido al PoC + giro. Alto PnL/op con buena probabilidad. Sesgo alcista hacia el PoC. ⚠️ Contra tendencia bajista (EMA200).", "sym": "RHM", "tf": "1d", "sector": "Defensa", "bt": {"total": 5, "wr": 80, "avgPnl": 8.48, "totalPnl": 42.38, "avgRR": 3.74}}, "AVGO|1d": {"signal": "SHORT", "entry": 392.1300048828125, "stop": 398.14527915771487, "target": 319.0228021240234,