{"SCCO|1d": {"signal": "SHORT", "entry": 188.00999450683594, "stop": 197.27324693618775, "target": 173.85999603271483, "target2": 166.31799438476563, "rr": 1.53, "labelClass": "corto_estrecho", "isNewCross": true, "trendBias": 1, "poc": 173.85999603271483, "vah": 184.75399841308592, "val": 166.31799438476563, "clsRsi": 61.38433814637627, "clsAccel": 10.3499755859375, "clsGreen": 2, "scenario": "Precio sobre VAH (1.8% sobre el VA). Sesgo bajista hacia el PoC. ⚠️ Contra tendencia alcista (EMA200).", "sym": "SCCO", "tf": "1d", "sector": "Cobre", "bt": {"total": 1, "wr": 100, "avgPnl": 0.61, "totalPnl": 0.61, "avgRR": 0.19}}, "XOM|1d": {"signal": "SHORT", "entry": 151.7100067138672, "stop": 153.9856568145752, "target": 136.67379669189452, "target2": 134.9499969482422, "rr": 6.61, "labelClass": "corto_estrecho", "isNewCross": true, "trendBias": 1, "poc": 136.67379669189452, "vah": 148.74039489746093, "val": 134.9499969482422, "clsRsi": 77.9768742997843, "clsAccel": 2.350006103515625, "clsGreen": 4, "scenario": "Precio sobre VAH (2.0% sobre el VA). Sesgo bajista hacia el PoC. ⚠️ Contra tendencia alcista (EMA200).", "sym": "XOM", "tf": "1d", "sector": "Petróleo", "bt": {"total": 12, "wr": 67, "avgPnl": 1.11, "totalPnl": 13.26, "avgRR": 2.59}}, "RHM|1d": {"signal": "LONG", "entry": 990.2999877929688, "stop": 952.8369392547608, "target": 1207.0400329589843, "target2": 1244.6400390625, "rr": 5.79, "labelClass": "caida_recorrido", "isNewCross": false, "trendBias": -1, "poc": 1207.0400329589843, "vah": 1244.6400390625, "val": 1004.0, "clsRsi": 49.973445001007256, "clsAccel": -14.20001220703125, "clsGreen": 2, "scenario": "Precio bajo VAL (1.4% bajo el VA). 🛡️ LONG seguro: cerca del VAL con giro confirmado (mayor probabilidad de acierto). Sesgo alcista hacia el PoC. ⚠️ Contra tendencia bajista (EMA200).", "sym": "RHM", "tf": "1d", "sector": "Defensa", "bt": {"total": 3, "wr": 67, "avgPnl": 11.5, "totalPnl": 34.51, "avgRR": 4.72}}, "WDC|1d": {"signal": "RANGE_LONG", "entry": 548.3900146484375, "stop": 536.0567232189942, "target": 585.6469915771485, "target2": 681.6779931640625, "rr": 3.02, "labelClass": "empuje_favor", "isNewCross": true, "trendBias": 1, "poc": 585.6469915771485, "vah": 681.6779931640625, "val": 504.389990234375, "clsRsi": 39.894399511423956, "clsAccel": 50.769989013671875, "clsGreen": 3, "scenario": "Dentro del VA bajo el PoC. ⭐ Range premium: momentum/empuje que favorece llegar al PoC (WR muy alto). Sesgo alcista hacia el PoC.", "sym": "WDC", "tf": "1d", "sector": "Memorias", "bt": {"total": 3, "wr": 67, "avgPnl": 14.7, "totalPnl": 44.11, "avgRR": 9.72}}, "ARM|1d": {"signal": "RANGE_LONG", "entry": 289.7300109863281, "stop": 278.58120016357424, "target": 331.14360229492183, "target2": 377.2512060546875, "rr": 3.71, "labelClass": "empuje_favor", "isNewCross": false, "trendBias": 1, "poc": 331.14360229492183, "vah": 377.2512060546875, "val": 251.50319580078124, "clsRsi": 32.88820878753589, "clsAccel": 17.700042724609375, "clsGreen": 3, "scenario": "Dentro del VA bajo el PoC. ⭐ Range premium: momentum/empuje que favorece llegar al PoC (WR muy alto). Sesgo alcista hacia el PoC.", "sym": "ARM", "tf": "1d", "sector": "Semis", "bt": {"total": 6, "wr": 83, "avgPnl": 12.03, "totalPnl": 72.19, "avgRR": 3.27}}, "OKLO|1d": {"signal": "LONG", "entry": 44.130001068115234, "stop": 41.48220100402832, "target": 68.90899963378907, "target2": 74.78479980468751, "rr": 9.36, "labelClass": "caida_giro", "isNewCross": false, "trendBias": -1, "poc": 68.90899963378907, "vah": 74.78479980468751, "val": 54.63919921875, "clsRsi": 28.778469789360443, "clsAccel": 2.2200050354003906, "clsGreen": 2, "scenario": "Precio bajo VAL (19.2% bajo el VA). 💎 LONG pelotazo: muy caído + gran recorrido al PoC + giro. Alto PnL/op con buena probabilidad. Sesgo alcista hacia el PoC. ⚠️ Contra tendencia bajista (EMA200).", "sym": "OKLO", "tf": "1d", "sector": "Nuclear SMR", "bt": {"total": 5, "wr": 80, "avgPnl": 19.98, "totalPnl": 99.91, "avgRR": 4.0}}, "UAMY|1d": {"signal": "LONG", "entry": 5.840000152587891, "stop": 5.7524001502990725, "target": 8.541400260925293, "target2": 10.514800300598145, "rr": 30.84, "labelClass": "caida_recorrido", "isNewCross": false, "trendBias": -1, "poc": 8.541400260925293, "vah": 10.514800300598145, "val": 6.568000221252442, "clsRsi": 34.15178324342965, "clsAccel": 0.5799999237060547, "clsGreen": 1, "scenario": "Precio bajo VAL (11.1% bajo el VA). 💎 LONG pelotazo: muy caído + gran recorrido al PoC + giro. Alto PnL/op con buena probabilidad. Sesgo alcista hacia el PoC. ⚠️ Contra tendencia bajista (EMA200).", "sym": "UAMY", "tf": "1d", "sector": "Antimonio", "bt": {"total": 8, "wr": 62, "avgPnl": 6.87, "totalPnl": 54.95, "avgRR": 7.58}}, "COP|1d": {"signal": "RANGE_LONG", "entry": 117.5, "stop": 115.51425, "target": 117.53220031738282, "target2": 123.16199951171875, "rr": 0.02, "labelClass": "empuje_favor", "isNewCross": false, "trendBias": 1, "poc": 117.53220031738282, "vah": 123.16199951171875, "val": 107.80800170898438, "clsRsi": 76.54901345974389, "clsAccel": 0.8499984741210938, "clsGreen": 4, "scenario": "Dentro del VA bajo el PoC. ⭐ Range premium: momentum/empuje que favorece llegar al PoC (WR muy alto). Sesgo alcista hacia el PoC.", "sym": "COP", "tf": "1d", "sector": "Petróleo", "bt": {"total": 14, "wr": 57, "avgPnl": 2.22, "totalPnl": 31.14, "avgRR": 3.75}}, "GSAT|1d": {"signal": "RANGE_LONG", "entry": 79.87000274658203, "stop": 77.14963045303345, "target": 79.8947964477539, "target2": 81.41839660644531, "rr": 0.01, "labelClass": "empuje_favor", "isNewCross": true, "trendBias": 1, "poc": 79.8947964477539, "vah": 81.41839660644531, "val": 79.54319641113281, "clsRsi": 34.829055649021214, "clsAccel": 0.3899993896484375, "clsGreen": 2, "scenario": "Dentro del VA bajo el PoC. ⭐ Range premium: momentum/empuje que favorece llegar al PoC (WR muy alto). Sesgo alcista hacia el PoC.", "sym": "GSAT", "tf": "1d", "sector": "Satélite", "bt": {"total": 12, "wr": 83, "avgPnl": 9.94, "totalPnl": 119.25, "avgRR": 6.26}}, "DPRO|1d": {"signal": "LONG", "entry": 4.539999961853027, "stop": 4.296247363901139, "target": 7.680799770355225, "target2": 8.279999732971191, "rr": 12.89, "labelClass": "caida_giro", "isNewCross": false, "trendBias": -1, "poc": 7.680799770355225, "vah": 8.279999732971191, "val": 5.540799903869629, "clsRsi": 26.216218027430756, "clsAccel": 0.23000001907348633, "clsGreen": 2, "scenario": "Precio bajo VAL (18.1% bajo el VA). 💎 LONG pelotazo: muy caído + gran recorrido al PoC + giro. Alto PnL/op con buena probabilidad. Sesgo alcista hacia el PoC. ⚠️ Contra tendencia bajista (EMA200).", "sym": "DPRO", "tf": "1d", "sector": "Drones", "bt": {"total": 11, "wr": 55, "avgPnl": 12.94, "totalPnl": 142.3, "avgRR": 6.56}}, "UMAC|1d": {"signal": "RANGE_LONG", "entry": 19.530000686645508, "stop": 18.42304024772644, "target": 24.326800136566163, "target2": 26.92800025939941, "rr": 4.33, "labelClass": "empuje_favor", "isNewCross": true, "trendBias": 1, "poc": 24.326800136566163, "vah": 26.92800025939941, "val": 18.009599838256836, "clsRsi": 40.55897131657858, "clsAccel": 1.700002670288086, "clsGreen": 3, "scenario": "Dentro del VA bajo el PoC. ⭐ Range premium: momentum/empuje que favorece llegar al PoC (WR muy alto). Sesgo alcista hacia el PoC.", "sym": "UMAC", "tf": "1d", "sector": "Drones", "bt": {"total": 8, "wr": 62, "avgPnl": 10.7, "totalPnl": 85.62, "avgRR": 6.07}}, "TXN|1d": {"signal": "RANGE_LONG", "entry": 291.29998779296875, "stop": 283.53684311828613, "target": 302.5749987792969, "target2": 308.3999987792969, "rr": 1.45, "labelClass": "empuje_favor", "isNewCross": false, "trendBias": 1, "poc": 302.5749987792969, "vah": 308.3999987792969, "val": 285.09999877929687, "clsRsi": 46.365285527597216, "clsAccel": 7.179962158203125, "clsGreen": 2, "scenario": "Dentro del VA bajo el PoC. ⭐ Range premium: momentum/empuje que favorece llegar al PoC (WR muy alto). Sesgo alcista hacia el PoC.", "sym": "TXN", "tf": "1d", "sector": "Semis", "bt": {"total": 8, "wr": 62,