{"GFI|1d": {"signal": "LONG", "entry": 34.13999938964844, "stop": 33.065955008850096, "target": 39.56560070037842, "target2": 49.510801086425786, "rr": 5.05, "labelClass": "caida_recorrido", "isNewCross": false, "trendBias": -1, "poc": 39.56560070037842, "vah": 49.510801086425786, "val": 35.6740005493164, "clsRsi": 34.68406249713439, "clsAccel": -1.0600013732910156, "clsGreen": 2, "scenario": "Precio bajo VAL (4.3% bajo el VA). Sesgo alcista hacia el PoC. ⚠️ Contra tendencia bajista (EMA200).", "sym": "GFI", "tf": "1d", "sector": "Oro", "bt": {"total": 2, "wr": 100, "avgPnl": 18.58, "totalPnl": 37.16, "avgRR": 5.47}}, "FCX|1d": {"signal": "RANGE_LONG", "entry": 61.52000045776367, "stop": 59.86449724544525, "target": 61.870200576782224, "target2": 66.90719970703125, "rr": 0.21, "labelClass": "empuje_favor", "isNewCross": false, "trendBias": 1, "poc": 61.870200576782224, "vah": 66.90719970703125, "val": 58.848001098632814, "clsRsi": 33.471837724256574, "clsAccel": -2.039997100830078, "clsGreen": 2, "scenario": "Dentro del VA bajo el PoC. Sesgo alcista hacia el PoC.", "sym": "FCX", "tf": "1d", "sector": "Cobre", "bt": {"total": 6, "wr": 67, "avgPnl": 3.56, "totalPnl": 21.37, "avgRR": 3.45}}, "RGTI|1d": {"signal": "LONG", "entry": 16.540000915527344, "stop": 16.051905488510133, "target": 20.706800270080567, "target2": 22.841600036621095, "rr": 8.54, "labelClass": "caida_recorrido", "isNewCross": false, "trendBias": -1, "poc": 20.706800270080567, "vah": 22.841600036621095, "val": 18.097600555419923, "clsRsi": 19.647337253089475, "clsAccel": -0.5199985504150391, "clsGreen": 0, "scenario": "Precio bajo VAL (8.6% bajo el VA). Sesgo alcista hacia el PoC. ⚠️ Contra tendencia bajista (EMA200).", "sym": "RGTI", "tf": "1d", "sector": "Cuántica", "bt": {"total": 3, "wr": 67, "avgPnl": 31.86, "totalPnl": 95.59, "avgRR": 12.81}}, "QBTS|1d": {"signal": "LONG", "entry": 20.09000015258789, "stop": 19.170681745605467, "target": 23.894000244140624, "target2": 28.765999603271485, "rr": 4.14, "labelClass": "caida_recorrido", "isNewCross": false, "trendBias": -1, "poc": 23.894000244140624, "vah": 28.765999603271485, "val": 22.734000396728515, "clsRsi": 29.052824343463058, "clsAccel": -1.5900001525878906, "clsGreen": 0, "scenario": "Precio bajo VAL (11.6% bajo el VA). Sesgo alcista hacia el PoC. ⚠️ Contra tendencia bajista (EMA200).", "sym": "QBTS", "tf": "1d", "sector": "Cuántica", "bt": {"total": 9, "wr": 78, "avgPnl": 20.13, "totalPnl": 181.21, "avgRR": 6.94}}, "KTOS|1d": {"signal": "RANGE_SHORT", "entry": 48.189998626708984, "stop": 50.26987896743774, "target": 48.09199867248535, "target2": 46.0099983215332, "rr": 0.05, "labelClass": "corto_favor", "isNewCross": false, "trendBias": -1, "poc": 48.09199867248535, "vah": 58.502000427246095, "val": 46.0099983215332, "clsRsi": 37.80388712760519, "clsAccel": 0.8700027465820312, "clsGreen": 0, "scenario": "Dentro del VA sobre el PoC. 🛡️ Range con contexto favorable (sobreventa/tendencia) — el resto de RANGE_SHORT pierde de media. Sesgo bajista hacia el PoC.", "sym": "KTOS", "tf": "1d", "sector": "Drones/Defensa", "bt": {"total": 5, "wr": 40, "avgPnl": 2.24, "totalPnl": 11.19, "avgRR": 2.2}}, "AVAV|1d": {"signal": "LONG", "entry": 144.5800018310547, "stop": 140.181878175354, "target": 169.87940002441405, "target2": 214.46720397949218, "rr": 5.75, "labelClass": "caida_recorrido", "isNewCross": false, "trendBias": -1, "poc": 169.87940002441405, "vah": 214.46720397949218, "val": 158.31959899902344, "clsRsi": 40.62195710388325, "clsAccel": 5.5600128173828125, "clsGreen": 0, "scenario": "Precio bajo VAL (8.7% bajo el VA). 💎 LONG pelotazo: muy caído + gran recorrido al PoC + giro. Alto PnL/op con buena probabilidad. Sesgo alcista hacia el PoC. ⚠️ Contra tendencia bajista (EMA200).", "sym": "AVAV", "tf": "1d", "sector": "Drones/Defensa", "bt": {"total": 7, "wr": 57, "avgPnl": 5.73, "totalPnl": 40.12, "avgRR": 4.9}}, "OKLO|1d": {"signal": "LONG", "entry": 48.849998474121094, "stop": 45.91899856567383, "target": 69.3722006225586, "target2": 74.36600036621094, "rr": 7.0, "labelClass": "caida_recorrido", "isNewCross": false, "trendBias": -1, "poc": 69.3722006225586, "vah": 74.36600036621094, "val": 57.24440124511719, "clsRsi": 22.076153539679765, "clsAccel": -2.410003662109375, "clsGreen": 0, "scenario": "Precio bajo VAL (14.7% bajo el VA). Sesgo alcista hacia el PoC. ⚠️ Contra tendencia bajista (EMA200).", "sym": "OKLO", "tf": "1d", "sector": "Nuclear SMR", "bt": {"total": 5, "wr": 80, "avgPnl": 19.98, "totalPnl": 99.91, "avgRR": 4.0}}, "SMR|1d": {"signal": "LONG", "entry": 9.039999961853027, "stop": 8.904399962425233, "target": 10.045000190734864, "target2": 11.770000190734864, "rr": 7.41, "labelClass": "caida_recorrido", "isNewCross": false, "trendBias": -1, "poc": 10.045000190734864, "vah": 11.770000190734864, "val": 9.470000190734863, "clsRsi": 15.206189051180104, "clsAccel": -0.25999927520751953, "clsGreen": 2, "scenario": "Precio bajo VAL (4.5% bajo el VA). Sesgo alcista hacia el PoC. ⚠️ Contra tendencia bajista (EMA200).", "sym": "SMR", "tf": "1d", "sector": "Nuclear SMR", "bt": {"total": 5, "wr": 80, "avgPnl": 13.13, "totalPnl": 65.66, "avgRR": 5.48}}, "SAAB|1d": {"signal": "SHORT", "entry": 564.0, "stop": 572.65176, "target": 503.6379949951172, "target2": 488.2279943847656, "rr": 6.98, "labelClass": "corto_extendido", "isNewCross": false, "trendBias": 1, "poc": 503.6379949951172, "vah": 549.8679968261719, "val": 488.2279943847656, "clsRsi": 67.61627146719744, "clsAccel": -8.0, "clsGreen": 0, "scenario": "Precio sobre VAH (2.6% sobre el VA). Sesgo bajista hacia el PoC. ⚠️ Contra tendencia alcista (EMA200).", "sym": "SAAB", "tf": "1d", "sector": "Defensa EU", "bt": {"total": 9, "wr": 67, "avgPnl": 6.14, "totalPnl": 55.23, "avgRR": 6.14}}, "PLG|1d": {"signal": "LONG", "entry": 1.3300000429153442, "stop": 1.3100500422716141, "target": 1.7211999940872191, "target2": 1.9491999912261964, "rr": 19.61, "labelClass": "caida_giro", "isNewCross": false, "trendBias": -1, "poc": 1.7211999940872191, "vah": 1.9491999912261964, "val": 1.4931999969482421, "clsRsi": 37.73585160290358, "clsAccel": -0.009999871253967285, "clsGreen": 2, "scenario": "Precio bajo VAL (10.9% bajo el VA). 💎 LONG pelotazo: muy caído + gran recorrido al PoC + giro. Alto PnL/op con buena probabilidad. Sesgo alcista hacia el PoC. ⚠️ Contra tendencia bajista (EMA200).", "sym": "PLG", "tf": "1d", "sector": "Platino/PGM", "bt": {"total": 7, "wr": 57, "avgPnl": 6.0, "totalPnl": 42.03, "avgRR": 7.0}}, "GOAU|1d": {"signal": "LONG", "entry": 37.290000915527344, "stop": 36.730650901794434, "target": 41.807600784301755, "target2": 46.5880012512207, "rr": 8.08, "labelClass": "caida_recorrido", "isNewCross": false, "trendBias": -1, "poc": 41.807600784301755, "vah": 46.5880012512207, "val": 38.152000427246094, "clsRsi": 36.52668870492156, "clsAccel": -0.9799957275390625, "clsGreen": 2, "scenario": "Precio bajo VAL (2.3% bajo el VA). Sesgo alcista hacia el PoC. ⚠️ Contra tendencia bajista (EMA200).", "sym": "GOAU", "tf": "1d", "sector": "Oro (ETF)", "bt": {"total": 5, "wr": 80, "avgPnl": 5.32, "totalPnl": 26.58, "avgRR": 6.0}}, "ASPI|1d": {"signal": "LONG", "entry": 5.010000228881836, "stop": 4.934850225448608, "target": 6.983899993896484, "target2": 7.35439998626709, "rr": 26.27, "labelClass": "caida_recorrido", "isNewCross": false, "trendBias": -1, "poc": 6.983899993896484, "vah": 7.35439998626709, "val": 5.872400016784668, "clsRsi": 12.326391102217514, "clsAccel": -0.3399996757507324, "clsGreen": 0, "scenario": "Precio bajo VAL (14.7% bajo el VA). Sesgo alcista hacia el PoC. ⚠️ Contra tendencia bajista (EMA200).", "sym": "ASPI", "tf": "1d", "sector": "Nuclear/Isótopos", "bt": {"total": 8, "wr": 62, "avgPnl": 6.79, "totalPnl": 54.3, "avgRR": 8.22}}, "NMG|1d": {"signal": "LONG", "entry": 1.600000023841858, "stop": 1.5532000231444836, "target": 1.9050000309944153, "target2": 2.2260000467300416, "rr": 6.52, "labelClass": "caida_recorrido", "isNewCross": false, "trendBias": -1,