{"RTX|1d": {"signal": "SHORT", "entry": 188.7449951171875, "stop": 192.13108032958985, "target": 175.92579864501954, "target2": 173.58679870605468, "rr": 3.79, "labelClass": "corto_estrecho", "isNewCross": false, "trendBias": 1, "poc": 175.92579864501954, "vah": 184.81399841308593, "val": 173.58679870605468, "clsRsi": 61.48501507285503, "clsAccel": -0.64501953125, "clsGreen": 3, "scenario": "Precio sobre VAH (2.1% sobre el VA). Sesgo bajista hacia el PoC. ⚠️ Contra tendencia alcista (EMA200).", "sym": "RTX", "tf": "1d", "sector": "Defensa", "bt": {"total": 5, "wr": 80, "avgPnl": 8.64, "totalPnl": 43.19, "avgRR": 7.61}}, "QBTS|1d": {"signal": "RANGE_LONG", "entry": 24.020000457763672, "stop": 22.895864436340332, "target": 24.11599998474121, "target2": 29.0011994934082, "rr": 0.09, "labelClass": "empuje_favor", "isNewCross": true, "trendBias": 1, "poc": 24.11599998474121, "vah": 29.0011994934082, "val": 23.054000091552734, "clsRsi": 44.86087675421082, "clsAccel": 0.4099998474121094, "clsGreen": 2, "scenario": "Dentro del VA bajo el PoC. ⭐ Range premium: momentum/empuje que favorece llegar al PoC (WR muy alto). Sesgo alcista hacia el PoC.", "sym": "QBTS", "tf": "1d", "sector": "Cuántica", "bt": {"total": 9, "wr": 78, "avgPnl": 20.13, "totalPnl": 181.21, "avgRR": 6.94}}, "RKLB|1d": {"signal": "RANGE_LONG", "entry": 94.44409942626953, "stop": 90.23283703285217, "target": 106.97999999999999, "target2": 128.28, "rr": 2.98, "labelClass": "empuje_favor", "isNewCross": true, "trendBias": 1, "poc": 106.97999999999999, "vah": 128.28, "val": 94.2, "clsRsi": 38.91038656881345, "clsAccel": 6.054100036621094, "clsGreen": 2, "scenario": "Dentro del VA bajo el PoC. ⭐ Range premium: momentum/empuje que favorece llegar al PoC (WR muy alto). Sesgo alcista hacia el PoC.", "sym": "RKLB", "tf": "1d", "sector": "Espacio", "bt": {"total": 2, "wr": 100, "avgPnl": 32.46, "totalPnl": 64.92, "avgRR": 7.3}}, "OKLO|1d": {"signal": "LONG", "entry": 52.86249923706055, "stop": 49.69074928283691, "target": 69.36431968688964, "target2": 73.83535980224609, "rr": 5.2, "labelClass": "caida_recorrido", "isNewCross": false, "trendBias": -1, "poc": 69.36431968688964, "vah": 73.83535980224609, "val": 58.50607940673828, "clsRsi": 40.90806991400794, "clsAccel": 3.87249755859375, "clsGreen": 1, "scenario": "Precio bajo VAL (9.6% bajo el VA). 💎 LONG pelotazo: muy caído + gran recorrido al PoC + giro. Alto PnL/op con buena probabilidad. Sesgo alcista hacia el PoC. ⚠️ Contra tendencia bajista (EMA200).", "sym": "OKLO", "tf": "1d", "sector": "Nuclear SMR", "bt": {"total": 5, "wr": 80, "avgPnl": 19.98, "totalPnl": 99.91, "avgRR": 4.0}}, "PLG|1d": {"signal": "LONG", "entry": 1.3049999475479126, "stop": 1.285424948334694, "target": 1.7287999868392945, "target2": 1.891599988937378, "rr": 21.65, "labelClass": "caida_recorrido", "isNewCross": false, "trendBias": -1, "poc": 1.7287999868392945, "vah": 1.891599988937378, "val": 1.565999984741211, "clsRsi": 42.74809174198386, "clsAccel": -0.03500020503997803, "clsGreen": 0, "scenario": "Precio bajo VAL (16.7% bajo el VA). Sesgo alcista hacia el PoC. ⚠️ Contra tendencia bajista (EMA200).", "sym": "PLG", "tf": "1d", "sector": "Platino/PGM", "bt": {"total": 6, "wr": 50, "avgPnl": 4.81, "totalPnl": 28.83, "avgRR": 7.77}}, "EU|1d": {"signal": "LONG", "entry": 1.3350000381469727, "stop": 1.2674890862178803, "target": 1.646400022506714, "target2": 1.9592000484466552, "rr": 4.61, "labelClass": "caida_recorrido", "isNewCross": false, "trendBias": -1, "poc": 1.646400022506714, "vah": 1.9592000484466552, "val": 1.4808000087738038, "clsRsi": 49.18032850959049, "clsAccel": -0.034999966621398926, "clsGreen": 0, "scenario": "Precio bajo VAL (9.8% bajo el VA). Sesgo alcista hacia el PoC. ⚠️ Contra tendencia bajista (EMA200).", "sym": "EU", "tf": "1d", "sector": "Uranio/Tierras raras", "bt": {"total": 3, "wr": 33, "avgPnl": -3.24, "totalPnl": -9.73, "avgRR": 1.53}}, "NMG|1d": {"signal": "LONG", "entry": 1.4249999523162842, "stop": 1.402584703066349, "target": 1.9050000309944153, "target2": 2.183200044631958, "rr": 21.41, "labelClass": "caida_recorrido", "isNewCross": false, "trendBias": -1, "poc": 1.9050000309944153, "vah": 2.183200044631958, "val": 1.7980000257492066, "clsRsi": 42.735042909210655, "clsAccel": -0.005000114440917969, "clsGreen": 0, "scenario": "Precio bajo VAL (20.7% bajo el VA). Sesgo alcista hacia el PoC. ⚠️ Contra tendencia bajista (EMA200).", "sym": "NMG", "tf": "1d", "sector": "Grafito", "bt": {"total": 6, "wr": 67, "avgPnl": 3.48, "totalPnl": 20.87, "avgRR": 2.76}}, "PKE|1d": {"signal": "SHORT", "entry": 34.2400016784668, "stop": 34.84091370792389, "target": 32.20600048065185, "target2": 31.072000427246095, "rr": 3.38, "labelClass": "corto_estrecho", "isNewCross": true, "trendBias": 1, "poc": 32.20600048065185, "vah": 33.988000564575195, "val": 31.072000427246095, "clsRsi": 57.738099668270294, "clsAccel": -1.5600013732910156, "clsGreen": 3, "scenario": "Precio sobre VAH (0.7% sobre el VA). 🛡️ SHORT seguro: cerca del borde con giro/contexto bajista (mayor probabilidad). Sesgo bajista hacia el PoC. ⚠️ Contra tendencia alcista (EMA200).", "sym": "PKE", "tf": "1d", "sector": "Defensa/Materiales", "bt": {"total": 11, "wr": 64, "avgPnl": 3.16, "totalPnl": 34.73, "avgRR": 3.21}}, "SPIR|1d": {"signal": "RANGE_LONG", "entry": 17.170000076293945, "stop": 16.424478672981262, "target": 17.21340021133423, "target2": 19.977200241088866, "rr": 0.06, "labelClass": "empuje_favor", "isNewCross": false, "trendBias": 1, "poc": 17.21340021133423, "vah": 19.977200241088866, "val": 15.7252001953125, "clsRsi": 50.548645120098044, "clsAccel": 0.5799980163574219, "clsGreen": 2, "scenario": "Dentro del VA bajo el PoC. ⭐ Range premium: momentum/empuje que favorece llegar al PoC (WR muy alto). Sesgo alcista hacia el PoC.", "sym": "SPIR", "tf": "1d", "sector": "Espacio/Datos", "bt": {"total": 11, "wr": 55, "avgPnl": 8.2, "totalPnl": 90.18, "avgRR": 5.94}}, "DPRO|1d": {"signal": "LONG", "entry": 5.079999923706055, "stop": 4.807254727802277, "target": 7.666199760437012, "target2": 8.279999732971191, "rr": 9.48, "labelClass": "caida_giro", "isNewCross": false, "trendBias": -1, "poc": 7.666199760437012, "vah": 8.279999732971191, "val": 6.233999824523925, "clsRsi": 30.23598795163437, "clsAccel": -0.039999961853027344, "clsGreen": 2, "scenario": "Precio bajo VAL (18.5% bajo el VA). 💎 LONG pelotazo: muy caído + gran recorrido al PoC + giro. Alto PnL/op con buena probabilidad. Sesgo alcista hacia el PoC. ⚠️ Contra tendencia bajista (EMA200).", "sym": "DPRO", "tf": "1d", "sector": "Drones", "bt": {"total": 11, "wr": 55, "avgPnl": 12.94, "totalPnl": 142.3, "avgRR": 6.56}}, "RCAT|1d": {"signal": "LONG", "entry": 9.769000053405762, "stop": 9.182860050201416, "target": 11.180299701690675, "target2": 15.195199928283692, "rr": 2.41, "labelClass": "caida_giro", "isNewCross": false, "trendBias": -1, "poc": 11.180299701690675, "vah": 15.195199928283692, "val": 10.734199676513672, "clsRsi": 35.53070197569244, "clsAccel": 0.11900043487548828, "clsGreen": 2, "scenario": "Precio bajo VAL (9.0% bajo el VA). 💎 LONG pelotazo: muy caído + gran recorrido al PoC + giro. Alto PnL/op con buena probabilidad. Sesgo alcista hacia el PoC. ⚠️ Contra tendencia bajista (EMA200).", "sym": "RCAT", "tf": "1d", "sector": "Drones", "bt": {"total": 10, "wr": 70, "avgPnl": 8.51, "totalPnl": 85.11, "avgRR": 3.57}}, "RUN|1d": {"signal": "RANGE_SHORT", "entry": 13.130000114440918, "stop": 13.751311719856263, "target": 12.796400260925292, "target2": 12.079600143432618, "rr": 0.54, "labelClass": "corto_favor", "isNewCross": false, "trendBias": -1, "poc": 12.796400260925292, "vah": 14.742000579833984, "val": 12.079600143432618, "clsRsi": 47.99514054932095, "clsAccel": -0.2499990463256836, "clsGreen": 0, "scenario": "Dentro del VA sobre el PoC. Sesgo bajista hacia el PoC.", "sym": "RUN", "tf": "1d", "sector": "Solar", "bt": {"total": 8, "wr": 88, "avgPnl": 7.92, "totalPnl": 63.34, "avgRR": 3.55}}, "BLDP|1d": {"signal": "RANGE_LONG",