{"SMR|1d": {"signal": "LONG", "entry": 8.359999656677246, "stop": 8.234599661827087, "target": 10.188199863433837, "target2": 11.807999992370606, "rr": 14.58, "labelClass": "caida_recorrido", "isNewCross": false, "trendBias": -1, "poc": 10.188199863433837, "vah": 11.807999992370606, "val": 9.066799774169922, "clsRsi": 23.796033688200964, "clsAccel": -0.49000072479248047, "clsGreen": 0, "scenario": "Precio bajo VAL (7.8% bajo el VA). Sesgo alcista hacia el PoC. ⚠️ Contra tendencia bajista (EMA200).", "sym": "SMR", "tf": "1d", "sector": "Nuclear SMR", "bt": {"total": 5, "wr": 80, "avgPnl": 13.13, "totalPnl": 65.66, "avgRR": 5.48}}, "SAAB|1d": {"signal": "RANGE_SHORT", "entry": 524.4000244140625, "stop": 533.8077608520508, "target": 503.6379949951172, "target2": 488.2279943847656, "rr": 2.21, "labelClass": "corto_favor", "isNewCross": false, "trendBias": -1, "poc": 503.6379949951172, "vah": 549.8679968261719, "val": 488.2279943847656, "clsRsi": 58.581710721641784, "clsAccel": 11.9000244140625, "clsGreen": 0, "scenario": "Dentro del VA sobre el PoC. 🛡️ Range con contexto favorable (sobreventa/tendencia) — el resto de RANGE_SHORT pierde de media. Sesgo bajista hacia el PoC.", "sym": "SAAB", "tf": "1d", "sector": "Defensa EU", "bt": {"total": 9, "wr": 67, "avgPnl": 6.14, "totalPnl": 55.23, "avgRR": 6.14}}, "EU|1d": {"signal": "LONG", "entry": 1.2200000286102295, "stop": 1.1549740270853042, "target": 1.6400000023841859, "target2": 1.9800000429153441, "rr": 6.46, "labelClass": "caida_recorrido", "isNewCross": false, "trendBias": -1, "poc": 1.6400000023841859, "vah": 1.9800000429153441, "val": 1.3799999713897706, "clsRsi": 35.08773067247181, "clsAccel": -0.059999942779541016, "clsGreen": 0, "scenario": "Precio bajo VAL (11.6% bajo el VA). Sesgo alcista hacia el PoC. ⚠️ Contra tendencia bajista (EMA200).", "sym": "EU", "tf": "1d", "sector": "Uranio/Tierras raras", "bt": {"total": 2, "wr": 50, "avgPnl": 13.95, "totalPnl": 27.91, "avgRR": 3.71}}, "NMG|1d": {"signal": "LONG", "entry": 1.5, "stop": 1.456125, "target": 1.9050000309944153, "target2": 2.2688000488281252, "rr": 9.23, "labelClass": "caida_recorrido", "isNewCross": false, "trendBias": -1, "poc": 1.9050000309944153, "vah": 2.2688000488281252, "val": 1.7980000257492066, "clsRsi": 57.77778484203309, "clsAccel": -0.07999992370605469, "clsGreen": 0, "scenario": "Precio bajo VAL (16.6% bajo el VA). Sesgo alcista hacia el PoC. ⚠️ Contra tendencia bajista (EMA200).", "sym": "NMG", "tf": "1d", "sector": "Grafito", "bt": {"total": 5, "wr": 60, "avgPnl": 3.42, "totalPnl": 17.1, "avgRR": 2.1}}, "FTI|1d": {"signal": "SHORT", "entry": 72.2699966430664, "stop": 74.32752344749451, "target": 67.8120002746582, "target2": 64.10960083007812, "rr": 2.17, "labelClass": "corto_estrecho", "isNewCross": false, "trendBias": 1, "poc": 67.8120002746582, "vah": 70.9447998046875, "val": 64.10960083007812, "clsRsi": 69.81131074820345, "clsAccel": -3.8300018310546875, "clsGreen": 0, "scenario": "Precio sobre VAH (1.9% sobre el VA). Sesgo bajista hacia el PoC. ⚠️ Contra tendencia alcista (EMA200).", "sym": "FTI", "tf": "1d", "sector": "Servicios petróleo", "bt": {"total": 3, "wr": 67, "avgPnl": 7.59, "totalPnl": 22.76, "avgRR": 7.21}}, "MRCY|1d": {"signal": "RANGE_LONG", "entry": 102.97000122070312, "stop": 100.54711709197998, "target": 110.63299713134765, "target2": 126.07439697265625, "rr": 3.16, "labelClass": "empuje_favor", "isNewCross": false, "trendBias": 1, "poc": 110.63299713134765, "vah": 126.07439697265625, "val": 88.06479736328126, "clsRsi": 48.23631693320281, "clsAccel": 0.5900039672851562, "clsGreen": 2, "scenario": "Dentro del VA bajo el PoC. ⭐ Range premium: momentum/empuje que favorece llegar al PoC (WR muy alto). Sesgo alcista hacia el PoC.", "sym": "MRCY", "tf": "1d", "sector": "Defensa/Electrónica", "bt": {"total": 4, "wr": 100, "avgPnl": 4.44, "totalPnl": 17.75, "avgRR": 2.02}}, "DPRO|1d": {"signal": "LONG", "entry": 4.670000076293945, "stop": 4.419267772197723, "target": 7.60499981880188, "target2": 8.279999732971191, "rr": 11.71, "labelClass": "caida_recorrido", "isNewCross": false, "trendBias": -1, "poc": 7.60499981880188, "vah": 8.279999732971191, "val": 5.730000057220459, "clsRsi": 37.352948353776085, "clsAccel": -0.2049999237060547, "clsGreen": 0, "scenario": "Precio bajo VAL (18.5% bajo el VA). Sesgo alcista hacia el PoC. ⚠️ Contra tendencia bajista (EMA200).", "sym": "DPRO", "tf": "1d", "sector": "Drones", "bt": {"total": 11, "wr": 55, "avgPnl": 12.94, "totalPnl": 142.3, "avgRR": 6.56}}, "LAES|1d": {"signal": "LONG", "entry": 2.6500000953674316, "stop": 2.61025009393692, "target": 3.1401999902725217, "target2": 3.533200044631958, "rr": 12.33, "labelClass": "caida_recorrido", "isNewCross": false, "trendBias": -1, "poc": 3.1401999902725217, "vah": 3.533200044631958, "val": 3.00919997215271, "clsRsi": 18.47826763001585, "clsAccel": -0.07999992370605469, "clsGreen": 0, "scenario": "Precio bajo VAL (11.9% bajo el VA). Sesgo alcista hacia el PoC. ⚠️ Contra tendencia bajista (EMA200).", "sym": "LAES", "tf": "1d", "sector": "Cuántica/Cripto", "bt": {"total": 11, "wr": 73, "avgPnl": 11.81, "totalPnl": 129.89, "avgRR": 5.99}}, "NXT|1d": {"signal": "RANGE_LONG", "entry": 109.12999725341797, "stop": 105.15766535339355, "target": 110.3547981262207, "target2": 124.51399993896484, "rr": 0.31, "labelClass": "empuje_favor", "isNewCross": true, "trendBias": 1, "poc": 110.3547981262207, "vah": 124.51399993896484, "val": 106.49319763183594, "clsRsi": 44.01016864547237, "clsAccel": -0.5200119018554688, "clsGreen": 2, "scenario": "Dentro del VA bajo el PoC. Sesgo alcista hacia el PoC.", "sym": "NXT", "tf": "1d", "sector": "Solar", "bt": {"total": 10, "wr": 70, "avgPnl": 1.74, "totalPnl": 17.39, "avgRR": 4.31}}, "STEM|1d": {"signal": "LONG", "entry": 6.630000114440918, "stop": 6.232200107574463, "target": 8.87700023651123, "target2": 10.164000320434571, "rr": 5.65, "labelClass": "caida_recorrido", "isNewCross": false, "trendBias": -1, "poc": 8.87700023651123, "vah": 10.164000320434571, "val": 7.122000122070313, "clsRsi": 35.03650587745149, "clsAccel": -0.07000017166137695, "clsGreen": 2, "scenario": "Precio bajo VAL (6.9% bajo el VA). Sesgo alcista hacia el PoC. ⚠️ Contra tendencia bajista (EMA200).", "sym": "STEM", "tf": "1d", "sector": "Almacenamiento/IA", "bt": {"total": 13, "wr": 54, "avgPnl": 8.23, "totalPnl": 106.93, "avgRR": 6.31}}, "TAN|1d": {"signal": "RANGE_LONG", "entry": 55.79999923706055, "stop": 54.67562925243378, "target": 59.64700050354004, "target2": 64.66079986572265, "rr": 3.42, "labelClass": "empuje_favor", "isNewCross": false, "trendBias": 1, "poc": 59.64700050354004, "vah": 64.66079986572265, "val": 54.633201141357425, "clsRsi": 42.80488020461652, "clsAccel": -1.3400039672851562, "clsGreen": 2, "scenario": "Dentro del VA bajo el PoC. Sesgo alcista hacia el PoC.", "sym": "TAN", "tf": "1d", "sector": "Solar (ETF)", "bt": {"total": 6, "wr": 67, "avgPnl": 4.42, "totalPnl": 26.52, "avgRR": 3.69}}, "ICLN|1d": {"signal": "RANGE_LONG", "entry": 19.079999923706055, "stop": 18.556635525798796, "target": 20.53739978790283, "target2": 21.269599990844725, "rr": 2.78, "labelClass": "empuje_favor", "isNewCross": false, "trendBias": 1, "poc": 20.53739978790283, "vah": 21.269599990844725, "val": 18.968399353027344, "clsRsi": 37.804888990052895, "clsAccel": -0.43000030517578125, "clsGreen": 2, "scenario": "Dentro del VA bajo el PoC. Sesgo alcista hacia el PoC.", "sym": "ICLN", "tf": "1d", "sector": "Limpia (ETF)", "bt": {"total": 6, "wr": 100, "avgPnl": 5.69, "totalPnl": 34.12, "avgRR": 2.05}}, "CLSK|1d": {"signal": "RANGE_LONG", "entry": 14.130000114440918, "stop": 13.400750808534623, "target": 17.580499992370605, "target2": 18.014000015258787, "rr": 4.73, "labelClass": "empuje_favor", "isNewCross": true, "trendBias": 1, "poc": 17.580499992370605, "vah": 18.014000015258787, "val": 13.678999786376952, "clsRsi": 38.73391173869413, "clsAccel": -0.4099998474121094, "clsGreen": 2,