{"FCX|1d": {"signal": "SHORT", "entry": 63.5, "stop": 65.439925, "target": 62.18639953613281, "target2": 57.95359985351563, "rr": 0.68, "labelClass": "corto_estrecho", "isNewCross": false, "trendBias": 1, "poc": 62.18639953613281, "vah": 63.163199462890624, "val": 57.95359985351563, "clsRsi": 55.55555369409172, "clsAccel": -3.9399986267089844, "clsGreen": 0, "scenario": "Precio sobre VAH (0.5% sobre el VA). 🛡️ SHORT seguro: cerca del borde con giro/contexto bajista (mayor probabilidad). Sesgo bajista hacia el PoC. ⚠️ Contra tendencia alcista (EMA200).", "sym": "FCX", "tf": "1d", "sector": "Cobre", "bt": {"total": 9, "wr": 67, "avgPnl": 7.16, "totalPnl": 64.47, "avgRR": 5.33}}, "WDC|1d": {"signal": "RANGE_LONG", "entry": 558.2999877929688, "stop": 545.7438210675049, "target": 585.6469915771485, "target2": 681.6779931640625, "rr": 2.18, "labelClass": "empuje_favor", "isNewCross": false, "trendBias": 1, "poc": 585.6469915771485, "vah": 681.6779931640625, "val": 519.1639904785156, "clsRsi": 52.70216988144193, "clsAccel": -6.64996337890625, "clsGreen": 5, "scenario": "Dentro del VA bajo el PoC. Sesgo alcista hacia el PoC.", "sym": "WDC", "tf": "1d", "sector": "Memorias", "bt": {"total": 3, "wr": 67, "avgPnl": 14.7, "totalPnl": 44.11, "avgRR": 9.72}}, "OKLO|1d": {"signal": "LONG", "entry": 44.0, "stop": 41.36, "target": 68.90899963378907, "target2": 74.78479980468751, "rr": 9.44, "labelClass": "caida_recorrido", "isNewCross": false, "trendBias": -1, "poc": 68.90899963378907, "vah": 74.78479980468751, "val": 52.96039916992187, "clsRsi": 29.079081066694556, "clsAccel": -0.8699989318847656, "clsGreen": 0, "scenario": "Precio bajo VAL (16.9% bajo el VA). Sesgo alcista hacia el PoC. ⚠️ Contra tendencia bajista (EMA200).", "sym": "OKLO", "tf": "1d", "sector": "Nuclear SMR", "bt": {"total": 5, "wr": 80, "avgPnl": 19.98, "totalPnl": 99.91, "avgRR": 4.0}}, "VST|1d": {"signal": "SHORT", "entry": 168.97999572753906, "stop": 172.384942641449, "target": 158.1954052734375, "target2": 151.23120483398438, "rr": 3.17, "labelClass": "corto_estrecho", "isNewCross": true, "trendBias": 1, "poc": 158.1954052734375, "vah": 166.70720581054687, "val": 151.23120483398438, "clsRsi": 72.66750721850902, "clsAccel": -2.170013427734375, "clsGreen": 5, "scenario": "Precio sobre VAH (1.4% sobre el VA). Sesgo bajista hacia el PoC. ⚠️ Contra tendencia alcista (EMA200).", "sym": "VST", "tf": "1d", "sector": "Nuclear/Energía", "bt": {"total": 6, "wr": 67, "avgPnl": 9.04, "totalPnl": 54.25, "avgRR": 8.81}}, "PLG|1d": {"signal": "LONG", "entry": 1.2999999523162842, "stop": 1.28049995303154, "target": 1.7277999758720397, "target2": 1.9435999870300291, "rr": 21.94, "labelClass": "caida_recorrido", "isNewCross": false, "trendBias": -1, "poc": 1.7277999758720397, "vah": 1.9435999870300291, "val": 1.412399959564209, "clsRsi": 36.36364128963809, "clsAccel": -0.040000081062316895, "clsGreen": 0, "scenario": "Precio bajo VAL (8.0% bajo el VA). Sesgo alcista hacia el PoC. ⚠️ Contra tendencia bajista (EMA200).", "sym": "PLG", "tf": "1d", "sector": "Platino/PGM", "bt": {"total": 7, "wr": 57, "avgPnl": 6.0, "totalPnl": 42.03, "avgRR": 7.0}}, "UAMY|1d": {"signal": "LONG", "entry": 5.510000228881836, "stop": 5.427350225448609, "target": 8.541400260925293, "target2": 10.81840030670166, "rr": 36.68, "labelClass": "caida_recorrido", "isNewCross": false, "trendBias": -1, "poc": 8.541400260925293, "vah": 10.81840030670166, "val": 6.568000221252442, "clsRsi": 26.58537019369939, "clsAccel": -0.3299999237060547, "clsGreen": 0, "scenario": "Precio bajo VAL (16.1% bajo el VA). Sesgo alcista hacia el PoC. ⚠️ Contra tendencia bajista (EMA200).", "sym": "UAMY", "tf": "1d", "sector": "Antimonio", "bt": {"total": 8, "wr": 62, "avgPnl": 6.87, "totalPnl": 54.95, "avgRR": 7.58}}, "LHX|1d": {"signal": "SHORT", "entry": 299.6700134277344, "stop": 305.12400767211915, "target": 290.5639996337891, "target2": 283.8160021972656, "rr": 1.67, "labelClass": "corto_estrecho", "isNewCross": true, "trendBias": -1, "poc": 290.5639996337891, "vah": 297.3119970703125, "val": 283.8160021972656, "clsRsi": 47.6359416943976, "clsAccel": 7.05999755859375, "clsGreen": 2, "scenario": "Precio sobre VAH (0.8% sobre el VA). 🛡️ SHORT seguro: cerca del borde con giro/contexto bajista (mayor probabilidad). Sesgo bajista hacia el PoC.", "sym": "LHX", "tf": "1d", "sector": "Defensa", "bt": {"total": 11, "wr": 82, "avgPnl": 1.69, "totalPnl": 18.57, "avgRR": 1.73}}, "MRCY|1d": {"signal": "RANGE_LONG", "entry": 106.33999633789062, "stop": 103.83781622406006, "target": 110.63299713134765, "target2": 118.94759704589845, "rr": 1.72, "labelClass": "empuje_favor", "isNewCross": false, "trendBias": 1, "poc": 110.63299713134765, "vah": 118.94759704589845, "val": 85.68919738769532, "clsRsi": 32.36911387297833, "clsAccel": 7.1399993896484375, "clsGreen": 3, "scenario": "Dentro del VA bajo el PoC. ⭐ Range premium: momentum/empuje que favorece llegar al PoC (WR muy alto). Sesgo alcista hacia el PoC.", "sym": "MRCY", "tf": "1d", "sector": "Defensa/Electrónica", "bt": {"total": 3, "wr": 100, "avgPnl": 3.84, "totalPnl": 11.51, "avgRR": 1.87}}, "UMAC|1d": {"signal": "RANGE_LONG", "entry": 21.520000457763672, "stop": 20.300246831817628, "target": 24.326800136566163, "target2": 26.92800025939941, "rr": 2.3, "labelClass": "empuje_favor", "isNewCross": false, "trendBias": 1, "poc": 24.326800136566163, "vah": 26.92800025939941, "val": 18.009599838256836, "clsRsi": 48.08219416098044, "clsAccel": 1.710000991821289, "clsGreen": 5, "scenario": "Dentro del VA bajo el PoC. ⭐ Range premium: momentum/empuje que favorece llegar al PoC (WR muy alto). Sesgo alcista hacia el PoC.", "sym": "UMAC", "tf": "1d", "sector": "Drones", "bt": {"total": 8, "wr": 62, "avgPnl": 10.7, "totalPnl": 85.62, "avgRR": 6.07}}, "CRDO|1d": {"signal": "RANGE_LONG", "entry": 236.5, "stop": 224.663175, "target": 237.4431088256836, "target2": 279.19681152343753, "rr": 0.08, "labelClass": "empuje_favor", "isNewCross": false, "trendBias": 1, "poc": 237.4431088256836, "vah": 279.19681152343753, "val": 230.07480834960938, "clsRsi": 48.296919939721874, "clsAccel": 3.829986572265625, "clsGreen": 4, "scenario": "Dentro del VA bajo el PoC. ⭐ Range premium: momentum/empuje que favorece llegar al PoC (WR muy alto). Sesgo alcista hacia el PoC.", "sym": "CRDO", "tf": "1d", "sector": "IA/Conectividad", "bt": {"total": 7, "wr": 86, "avgPnl": 18.62, "totalPnl": 130.31, "avgRR": 5.03}}, "LAES|1d": {"signal": "LONG", "entry": 2.569999933242798, "stop": 2.531449934244156, "target": 3.125, "target2": 3.6520000648498536, "rr": 14.4, "labelClass": "caida_recorrido", "isNewCross": false, "trendBias": -1, "poc": 3.125, "vah": 3.6520000648498536, "val": 2.969999980926514, "clsRsi": 25.53190194194555, "clsAccel": -0.039999961853027344, "clsGreen": 0, "scenario": "Precio bajo VAL (13.5% bajo el VA). Sesgo alcista hacia el PoC. ⚠️ Contra tendencia bajista (EMA200).", "sym": "LAES", "tf": "1d", "sector": "Cuántica/Cripto", "bt": {"total": 11, "wr": 73, "avgPnl": 11.81, "totalPnl": 129.89, "avgRR": 5.99}}, "GDS|1d": {"signal": "RANGE_SHORT", "entry": 32.52000045776367, "stop": 33.50925887168884, "target": 32.49580062866211, "target2": 29.18560073852539, "rr": 0.02, "labelClass": "corto_favor", "isNewCross": false, "trendBias": -1, "poc": 32.49580062866211, "vah": 35.806000518798825, "val": 29.18560073852539, "clsRsi": 63.26130497915593, "clsAccel": -0.10000228881835938, "clsGreen": 0, "scenario": "Dentro del VA sobre el PoC. Sesgo bajista hacia el PoC.", "sym": "GDS", "tf": "1d", "sector": "Datacenter", "bt": {"total": 4, "wr": 75, "avgPnl": 4.93, "totalPnl": 19.71, "avgRR": 3.15}}, "ZS|1d": {"signal": "RANGE_SHORT", "entry": 139.6999969482422, "stop": 143.53196786453248, "target": 124.74719940185547, "target2": 119.5, "rr": 3.9, "labelClass": "corto_favor", "isNewCross": false, "trendBias": -1, "poc": 124.74719940185547, "vah": 144.98639709472656, "val": 119.5, "clsRsi": 42.883783839170434, "clsAccel": 3.9000091552734375, "clsGreen": 0,