{"RTX|1d": {"signal": "SHORT", "entry": 186.60499572753906, "stop": 189.95268935089112, "target": 175.92579864501954, "target2": 173.58679870605468, "rr": 3.19, "labelClass": "corto_estrecho", "isNewCross": false, "trendBias": 1, "poc": 175.92579864501954, "vah": 183.8783984375, "val": 173.58679870605468, "clsRsi": 64.0902182213346, "clsAccel": -4.345001220703125, "clsGreen": 2, "scenario": "Precio sobre VAH (1.5% sobre el VA). Sesgo bajista hacia el PoC. ⚠️ Contra tendencia alcista (EMA200).", "sym": "RTX", "tf": "1d", "sector": "Defensa", "bt": {"total": 5, "wr": 80, "avgPnl": 8.64, "totalPnl": 43.19, "avgRR": 7.61}}, "JOBY|1d": {"signal": "RANGE_SHORT", "entry": 9.204999923706055, "stop": 9.63100732017517, "target": 8.97850009918213, "target2": 8.317000045776368, "rr": 0.53, "labelClass": "corto_favor", "isNewCross": false, "trendBias": -1, "poc": 8.97850009918213, "vah": 10.396000213623047, "val": 8.317000045776368, "clsRsi": 31.09600429112912, "clsAccel": -0.03500080108642578, "clsGreen": 0, "scenario": "Dentro del VA sobre el PoC. Sesgo bajista hacia el PoC.", "sym": "JOBY", "tf": "1d", "sector": "eVTOL", "bt": {"total": 2, "wr": 50, "avgPnl": -1.69, "totalPnl": -3.39, "avgRR": 1.15}}, "OKLO|1d": {"signal": "LONG", "entry": 54.779998779296875, "stop": 51.49319885253906, "target": 69.53419929504395, "target2": 74.66239959716796, "rr": 4.49, "labelClass": "caida_recorrido", "isNewCross": false, "trendBias": -1, "poc": 69.53419929504395, "vah": 74.66239959716796, "val": 59.847598724365234, "clsRsi": 34.71122478536033, "clsAccel": -1.1999969482421875, "clsGreen": 0, "scenario": "Precio bajo VAL (8.5% bajo el VA). Sesgo alcista hacia el PoC. ⚠️ Contra tendencia bajista (EMA200).", "sym": "OKLO", "tf": "1d", "sector": "Nuclear SMR", "bt": {"total": 5, "wr": 80, "avgPnl": 19.98, "totalPnl": 99.91, "avgRR": 4.0}}, "PLG|1d": {"signal": "LONG", "entry": 1.3350000381469727, "stop": 1.314975037574768, "target": 1.7117999744415284, "target2": 1.8963999843597412, "rr": 18.82, "labelClass": "caida_recorrido", "isNewCross": false, "trendBias": -1, "poc": 1.7117999744415284, "vah": 1.8963999843597412, "val": 1.5839999675750733, "clsRsi": 30.76923293963226, "clsAccel": 0.014999985694885254, "clsGreen": 0, "scenario": "Precio bajo VAL (15.7% bajo el VA). 💎 LONG pelotazo: muy caído + gran recorrido al PoC + giro. Alto PnL/op con buena probabilidad. Sesgo alcista hacia el PoC. ⚠️ Contra tendencia bajista (EMA200).", "sym": "PLG", "tf": "1d", "sector": "Platino/PGM", "bt": {"total": 6, "wr": 50, "avgPnl": 4.81, "totalPnl": 28.83, "avgRR": 7.77}}, "CLF|1d": {"signal": "RANGE_SHORT", "entry": 10.774999618530273, "stop": 11.185419354000091, "target": 10.222200155258179, "target2": 7.730000019073486, "rr": 1.35, "labelClass": "corto_favor", "isNewCross": false, "trendBias": -1, "poc": 10.222200155258179, "vah": 12.128000259399414, "val": 7.730000019073486, "clsRsi": 25.018508761378442, "clsAccel": 0.3450002670288086, "clsGreen": 0, "scenario": "Dentro del VA sobre el PoC. 🛡️ Range con contexto favorable (sobreventa/tendencia) — el resto de RANGE_SHORT pierde de media. Sesgo bajista hacia el PoC.", "sym": "CLF", "tf": "1d", "sector": "Acero", "bt": {"total": 6, "wr": 67, "avgPnl": 2.56, "totalPnl": 15.35, "avgRR": 1.98}}, "GSAT|1d": {"signal": "RANGE_LONG", "entry": 80.02999877929688, "stop": 77.47063941833495, "target": 81.5969970703125, "target2": 83.45879699707031, "rr": 0.61, "labelClass": "empuje_favor", "isNewCross": false, "trendBias": 1, "poc": 81.5969970703125, "vah": 83.45879699707031, "val": 78.4939971923828, "clsRsi": 40.598819684353735, "clsAccel": 0.019989013671875, "clsGreen": 2, "scenario": "Dentro del VA bajo el PoC. ⭐ Range premium: momentum/empuje que favorece llegar al PoC (WR muy alto). Sesgo alcista hacia el PoC.", "sym": "GSAT", "tf": "1d", "sector": "Satélite", "bt": {"total": 9, "wr": 89, "avgPnl": 5.17, "totalPnl": 46.49, "avgRR": 4.34}}, "RCAT|1d": {"signal": "LONG", "entry": 9.857500076293945, "stop": 9.26605007171631, "target": 11.180299701690675, "target2": 14.897799911499025, "rr": 2.24, "labelClass": "caida_recorrido", "isNewCross": false, "trendBias": -1, "poc": 11.180299701690675, "vah": 14.897799911499025, "val": 10.734199676513672, "clsRsi": 31.662390807725984, "clsAccel": 0.12749958038330078, "clsGreen": 0, "scenario": "Precio bajo VAL (8.2% bajo el VA). 💎 LONG pelotazo: muy caído + gran recorrido al PoC + giro. Alto PnL/op con buena probabilidad. Sesgo alcista hacia el PoC. ⚠️ Contra tendencia bajista (EMA200).", "sym": "RCAT", "tf": "1d", "sector": "Drones", "bt": {"total": 10, "wr": 70, "avgPnl": 8.51, "totalPnl": 85.11, "avgRR": 3.57}}, "EOSE|1d": {"signal": "LONG", "entry": 6.224999904632568, "stop": 5.898062909641266, "target": 7.770599956512451, "target2": 9.003599853515626, "rr": 4.73, "labelClass": "caida_recorrido", "isNewCross": false, "trendBias": -1, "poc": 7.770599956512451, "vah": 9.003599853515626, "val": 6.866400032043457, "clsRsi": 31.763618721500393, "clsAccel": 0.5850005149841309, "clsGreen": 0, "scenario": "Precio bajo VAL (9.3% bajo el VA). 💎 LONG pelotazo: muy caído + gran recorrido al PoC + giro. Alto PnL/op con buena probabilidad. Sesgo alcista hacia el PoC. ⚠️ Contra tendencia bajista (EMA200).", "sym": "EOSE", "tf": "1d", "sector": "Almacenamiento", "bt": {"total": 7, "wr": 86, "avgPnl": 34.46, "totalPnl": 241.25, "avgRR": 6.8}}, "HIMS|1d": {"signal": "SHORT", "entry": 32.21500015258789, "stop": 33.78548141002655, "target": 27.60320110321045, "target2": 22.68680076599121, "rr": 2.94, "labelClass": "corto_extendido", "isNewCross": false, "trendBias": 1, "poc": 27.60320110321045, "vah": 30.20600128173828, "val": 22.68680076599121, "clsRsi": 61.01615454069075, "clsAccel": -0.16499710083007812, "clsGreen": 0, "scenario": "Precio sobre VAH (6.7% sobre el VA). Sesgo bajista hacia el PoC. ⚠️ Contra tendencia alcista (EMA200).", "sym": "HIMS", "tf": "1d", "sector": "Salud/Consumo", "bt": {"total": 9, "wr": 89, "avgPnl": 15.72, "totalPnl": 141.5, "avgRR": 3.32}}, "MARA|1d": {"signal": "SHORT", "entry": 14.550000190734863, "stop": 15.18176119901657, "target": 8.809399948120117, "target2": 7.050799865722656, "rr": 9.09, "labelClass": "corto_extendido", "isNewCross": false, "trendBias": 1, "poc": 8.809399948120117, "vah": 12.131200103759767, "val": 7.050799865722656, "clsRsi": 53.584447440271376, "clsAccel": 9.5367431640625e-07, "clsGreen": 0, "scenario": "Precio sobre VAH (19.9% sobre el VA). Sesgo bajista hacia el PoC. ⚠️ Contra tendencia alcista (EMA200).", "sym": "MARA", "tf": "1d", "sector": "Cripto/Minería", "bt": {"total": 4, "wr": 50, "avgPnl": -1.12, "totalPnl": -4.5, "avgRR": 1.75}}, "INDI|1d": {"signal": "RANGE_SHORT", "entry": 3.680000066757202, "stop": 3.842177669699192, "target": 2.5098999452590944, "target2": 2.319999933242798, "rr": 7.21, "labelClass": "corto_favor", "isNewCross": false, "trendBias": -1, "poc": 2.5098999452590944, "vah": 4.345600061416626, "val": 2.319999933242798, "clsRsi": 30.392151133731275, "clsAccel": 0.3100001811981201, "clsGreen": 0, "scenario": "Dentro del VA sobre el PoC. 🛡️ Range con contexto favorable (sobreventa/tendencia) — el resto de RANGE_SHORT pierde de media. Sesgo bajista hacia el PoC.", "sym": "INDI", "tf": "1d", "sector": "Semis/Auto", "bt": {"total": 5, "wr": 80, "avgPnl": 6.04, "totalPnl": 30.19, "avgRR": 5.14}}, "BTBT|1d": {"signal": "RANGE_SHORT", "entry": 2.015000104904175, "stop": 2.130520060918331, "target": 1.958000066280365, "target2": 1.7500000476837159, "rr": 0.49, "labelClass": "corto_favor", "isNewCross": false, "trendBias": -1, "poc": 1.958000066280365, "vah": 2.198000087738037, "val": 1.7500000476837159, "clsRsi": 56.90377015647344, "clsAccel": -0.03500008583068848, "clsGreen": 0, "scenario": "Dentro del VA sobre el PoC. Sesgo bajista hacia el PoC.", "sym": "BTBT", "tf": "1d", "sector": "Cripto/Minería", "bt": {"total": 4, "wr": 100, "avgPnl": 8.27, "totalPnl": 33.08, "avgRR": 1.36}}, "PCG|1d": {"signal": "SHORT", "entry": 17.065000534057617,