{"GOLD|1d": {"signal": "SHORT", "entry": 43.9900016784668, "stop": 45.32245882930756, "target": 41.8419995880127, "target2": 39.83999938964844, "rr": 1.61, "labelClass": "corto_estrecho", "isNewCross": true, "trendBias": 1, "poc": 41.8419995880127, "vah": 43.227999725341796, "val": 39.83999938964844, "clsRsi": 53.71550521484007, "clsAccel": 0.5400047302246094, "clsGreen": 3, "scenario": "Precio sobre VAH (1.8% sobre el VA). 🛡️ SHORT seguro: cerca del borde con giro/contexto bajista (mayor probabilidad). Sesgo bajista hacia el PoC. ⚠️ Contra tendencia alcista (EMA200).", "sym": "GOLD", "tf": "1d", "sector": "Oro", "bt": {"total": 10, "wr": 70, "avgPnl": 5.45, "totalPnl": 54.54, "avgRR": 3.31}}, "GFI|1d": {"signal": "LONG", "entry": 35.459999084472656, "stop": 34.34442751327515, "target": 39.56560070037842, "target2": 49.510801086425786, "rr": 3.68, "labelClass": "caida_recorrido", "isNewCross": false, "trendBias": -1, "poc": 39.56560070037842, "vah": 49.510801086425786, "val": 37.40360061645508, "clsRsi": 48.578803441803316, "clsAccel": 1.5900001525878906, "clsGreen": 3, "scenario": "Precio bajo VAL (5.2% bajo el VA). Sesgo alcista hacia el PoC. ⚠️ Contra tendencia bajista (EMA200).", "sym": "GFI", "tf": "1d", "sector": "Oro", "bt": {"total": 2, "wr": 100, "avgPnl": 18.58, "totalPnl": 37.16, "avgRR": 5.47}}, "LMT|1d": {"signal": "SHORT", "entry": 545.9099731445312, "stop": 556.0584395452881, "target": 518.0823889160156, "target2": 504.67558837890624, "rr": 2.74, "labelClass": "corto_estrecho", "isNewCross": true, "trendBias": 1, "poc": 518.0823889160156, "vah": 531.489189453125, "val": 504.67558837890624, "clsRsi": 49.09647728869924, "clsAccel": 11.729949951171875, "clsGreen": 3, "scenario": "Precio sobre VAH (2.7% sobre el VA). 🛡️ SHORT seguro: cerca del borde con giro/contexto bajista (mayor probabilidad). Sesgo bajista hacia el PoC. ⚠️ Contra tendencia alcista (EMA200).", "sym": "LMT", "tf": "1d", "sector": "Defensa", "bt": {"total": 3, "wr": 67, "avgPnl": 4.49, "totalPnl": 13.48, "avgRR": 3.51}}, "LRCX|1d": {"signal": "SHORT", "entry": 351.4100036621094, "stop": 361.64306296875, "target": 218.52200164794922, "target2": 203.8568017578125, "rr": 12.99, "labelClass": "corto_extendido", "isNewCross": false, "trendBias": 1, "poc": 218.52200164794922, "vah": 330.95520080566405, "val": 203.8568017578125, "clsRsi": 48.229597715067804, "clsAccel": 2.219970703125, "clsGreen": 0, "scenario": "Precio sobre VAH (6.2% sobre el VA). Sesgo bajista hacia el PoC. ⚠️ Contra tendencia alcista (EMA200).", "sym": "LRCX", "tf": "1d", "sector": "Semis/Equipos", "bt": {"total": 10, "wr": 70, "avgPnl": 11.75, "totalPnl": 117.46, "avgRR": 7.33}}, "OKLO|1d": {"signal": "LONG", "entry": 52.36000061035156, "stop": 49.21840057373047, "target": 69.36431968688964, "target2": 73.83535980224609, "rr": 5.41, "labelClass": "caida_recorrido", "isNewCross": false, "trendBias": -1, "poc": 69.36431968688964, "vah": 73.83535980224609, "val": 57.228639373779295, "clsRsi": 39.08729696189509, "clsAccel": -0.20999908447265625, "clsGreen": 0, "scenario": "Precio bajo VAL (8.5% bajo el VA). Sesgo alcista hacia el PoC. ⚠️ Contra tendencia bajista (EMA200).", "sym": "OKLO", "tf": "1d", "sector": "Nuclear SMR", "bt": {"total": 5, "wr": 80, "avgPnl": 19.98, "totalPnl": 99.91, "avgRR": 4.0}}, "HO|1d": {"signal": "SHORT", "entry": 242.60000610351562, "stop": 246.23900619506836, "target": 230.49300079345704, "target2": 226.17400207519532, "rr": 3.33, "labelClass": "corto_estrecho", "isNewCross": true, "trendBias": 1, "poc": 230.49300079345704, "vah": 239.747998046875, "val": 226.17400207519532, "clsRsi": 63.30275229357798, "clsAccel": 6.600006103515625, "clsGreen": 1, "scenario": "Precio sobre VAH (1.2% sobre el VA). Sesgo bajista hacia el PoC. ⚠️ Contra tendencia alcista (EMA200).", "sym": "HO", "tf": "1d", "sector": "Defensa EU", "bt": {"total": 11, "wr": 64, "avgPnl": 2.73, "totalPnl": 29.98, "avgRR": 3.58}}, "SAAB|1d": {"signal": "SHORT", "entry": 582.7000122070312, "stop": 591.6386303942871, "target": 500.93599792480467, "target2": 489.55599609375, "rr": 9.15, "labelClass": "corto_estrecho", "isNewCross": false, "trendBias": 1, "poc": 500.93599792480467, "vah": 539.6280041503907, "val": 489.55599609375, "clsRsi": 80.45800096957306, "clsAccel": 21.300048828125, "clsGreen": 1, "scenario": "Precio sobre VAH (8.0% sobre el VA). Sesgo bajista hacia el PoC. ⚠️ Contra tendencia alcista (EMA200).", "sym": "SAAB", "tf": "1d", "sector": "Defensa EU", "bt": {"total": 10, "wr": 70, "avgPnl": 6.79, "totalPnl": 67.94, "avgRR": 6.29}}, "ASM|1d": {"signal": "RANGE_LONG", "entry": 6.570000171661377, "stop": 6.228360162734985, "target": 6.819999694824219, "target2": 7.313199653625488, "rr": 0.73, "labelClass": "empuje_favor", "isNewCross": false, "trendBias": 1, "poc": 6.819999694824219, "vah": 7.313199653625488, "val": 5.888399772644043, "clsRsi": 59.19003342019395, "clsAccel": 0.19000005722045898, "clsGreen": 6, "scenario": "Dentro del VA bajo el PoC. ⭐ Range premium: momentum/empuje que favorece llegar al PoC (WR muy alto). Sesgo alcista hacia el PoC.", "sym": "ASM", "tf": "1d", "sector": "Plata", "bt": {"total": 11, "wr": 73, "avgPnl": 12.53, "totalPnl": 137.84, "avgRR": 4.69}}, "PLG|1d": {"signal": "LONG", "entry": 1.4199999570846558, "stop": 1.3986999577283858, "target": 1.7287999868392945, "target2": 1.9507999897003172, "rr": 14.5, "labelClass": "caida_giro", "isNewCross": false, "trendBias": -1, "poc": 1.7287999868392945, "vah": 1.9507999897003172, "val": 1.565999984741211, "clsRsi": 51.56249825377046, "clsAccel": -0.009999990463256836, "clsGreen": 2, "scenario": "Precio bajo VAL (9.3% bajo el VA). 💎 LONG pelotazo: muy caído + gran recorrido al PoC + giro. Alto PnL/op con buena probabilidad. Sesgo alcista hacia el PoC. ⚠️ Contra tendencia bajista (EMA200).", "sym": "PLG", "tf": "1d", "sector": "Platino/PGM", "bt": {"total": 6, "wr": 50, "avgPnl": 4.81, "totalPnl": 28.83, "avgRR": 7.77}}, "USAS|1d": {"signal": "LONG", "entry": 4.889999866485596, "stop": 4.67322617240429, "target": 5.868399991989135, "target2": 6.537200088500977, "rr": 4.51, "labelClass": "caida_recorrido", "isNewCross": false, "trendBias": -1, "poc": 5.868399991989135, "vah": 6.537200088500977, "val": 4.9563998603820805, "clsRsi": 48.20144069990084, "clsAccel": 0.13000011444091797, "clsGreen": 3, "scenario": "Precio bajo VAL (1.3% bajo el VA). 🛡️ LONG seguro: cerca del VAL con giro confirmado (mayor probabilidad de acierto). Sesgo alcista hacia el PoC. ⚠️ Contra tendencia bajista (EMA200).", "sym": "USAS", "tf": "1d", "sector": "Plata", "bt": {"total": 3, "wr": 67, "avgPnl": 17.04, "totalPnl": 51.12, "avgRR": 7.13}}, "EU|1d": {"signal": "LONG", "entry": 1.2899999618530273, "stop": 1.2247646637821197, "target": 1.646400022506714, "target2": 1.9592000484466552, "rr": 5.46, "labelClass": "caida_recorrido", "isNewCross": false, "trendBias": -1, "poc": 1.646400022506714, "vah": 1.9592000484466552, "val": 1.444000005722046, "clsRsi": 45.555553053632124, "clsAccel": -0.12000012397766113, "clsGreen": 0, "scenario": "Precio bajo VAL (10.7% bajo el VA). Sesgo alcista hacia el PoC. ⚠️ Contra tendencia bajista (EMA200).", "sym": "EU", "tf": "1d", "sector": "Uranio/Tierras raras", "bt": {"total": 3, "wr": 33, "avgPnl": -3.24, "totalPnl": -9.73, "avgRR": 1.53}}, "NMG|1d": {"signal": "LONG", "entry": 1.6100000143051147, "stop": 1.5846747140800952, "target": 1.9050000309944153, "target2": 2.2260000467300416, "rr": 11.65, "labelClass": "caida_giro", "isNewCross": false, "trendBias": -1, "poc": 1.9050000309944153, "vah": 2.2260000467300416, "val": 1.7980000257492066, "clsRsi": 59.57446862475896, "clsAccel": 0.05000007152557373, "clsGreen": 2, "scenario": "Precio bajo VAL (10.5% bajo el VA). 💎 LONG pelotazo: muy caído + gran recorrido al PoC + giro. Alto PnL/op con buena probabilidad. Sesgo alcista hacia el PoC. ⚠️ Contra tendencia bajista (EMA200).", "sym": "NMG", "tf": "1d", "sector": "Grafito", "bt": {"total": 6, "wr": 67, "avgPnl": 3.48,