{"BA.|1d": {"signal": "LONG", "entry": 1867.989990234375, "stop": 1839.9701403808594, "target": 2276.9, "target2": 2326.76, "rr": 14.59, "labelClass": "caida_recorrido", "isNewCross": false, "trendBias": -1, "poc": 2276.9, "vah": 2326.76, "val": 1894.64, "clsRsi": 39.549494823594024, "clsAccel": -12.010009765625, "clsGreen": 2, "scenario": "Precio bajo VAL (1.4% bajo el VA). Sesgo alcista hacia el PoC. ⚠️ Contra tendencia bajista (EMA200).", "sym": "BA.", "tf": "1d", "sector": "Defensa", "bt": {"total": 5, "wr": 100, "avgPnl": 7.92, "totalPnl": 39.58, "avgRR": 5.3}}, "AVGO|1d": {"signal": "RANGE_LONG", "entry": 377.75, "stop": 368.7633275, "target": 417.08479675292966, "target2": 429.387197265625, "rr": 4.38, "labelClass": "empuje_favor", "isNewCross": false, "trendBias": 1, "poc": 417.08479675292966, "vah": 429.387197265625, "val": 371.9759948730469, "clsRsi": 45.59785021501393, "clsAccel": -2.130035400390625, "clsGreen": 2, "scenario": "Dentro del VA bajo el PoC. Sesgo alcista hacia el PoC.", "sym": "AVGO", "tf": "1d", "sector": "Semis", "bt": {"total": 11, "wr": 64, "avgPnl": 5.73, "totalPnl": 63.07, "avgRR": 5.33}}, "QBTS|1d": {"signal": "RANGE_LONG", "entry": 23.989999771118164, "stop": 22.867267781829835, "target": 24.11599998474121, "target2": 28.57639953613281, "rr": 0.11, "labelClass": "empuje_favor", "isNewCross": false, "trendBias": 1, "poc": 24.11599998474121, "vah": 28.57639953613281, "val": 22.629200134277344, "clsRsi": 51.538962804708895, "clsAccel": -0.9099998474121094, "clsGreen": 3, "scenario": "Dentro del VA bajo el PoC. Sesgo alcista hacia el PoC.", "sym": "QBTS", "tf": "1d", "sector": "Cuántica", "bt": {"total": 9, "wr": 78, "avgPnl": 20.13, "totalPnl": 181.21, "avgRR": 6.94}}, "RKLB|1d": {"signal": "RANGE_LONG", "entry": 101.6500015258789, "stop": 97.11742795783996, "target": 106.97999999999999, "target2": 122.6, "rr": 1.18, "labelClass": "empuje_favor", "isNewCross": false, "trendBias": 1, "poc": 106.97999999999999, "vah": 122.6, "val": 91.36, "clsRsi": 46.277437504229916, "clsAccel": -9.830001831054688, "clsGreen": 3, "scenario": "Dentro del VA bajo el PoC. Sesgo alcista hacia el PoC.", "sym": "RKLB", "tf": "1d", "sector": "Espacio", "bt": {"total": 2, "wr": 100, "avgPnl": 32.46, "totalPnl": 64.92, "avgRR": 7.3}}, "OKLO|1d": {"signal": "LONG", "entry": 52.33000183105469, "stop": 49.19020172119141, "target": 69.36431968688964, "target2": 73.83535980224609, "rr": 5.43, "labelClass": "caida_recorrido", "isNewCross": false, "trendBias": -1, "poc": 69.36431968688964, "vah": 73.83535980224609, "val": 58.50607940673828, "clsRsi": 43.36848976096628, "clsAccel": -3.1899948120117188, "clsGreen": 0, "scenario": "Precio bajo VAL (10.6% bajo el VA). Sesgo alcista hacia el PoC. ⚠️ Contra tendencia bajista (EMA200).", "sym": "OKLO", "tf": "1d", "sector": "Nuclear SMR", "bt": {"total": 5, "wr": 80, "avgPnl": 19.98, "totalPnl": 99.91, "avgRR": 4.0}}, "GOOGL|1d": {"signal": "RANGE_LONG", "entry": 357.3699951171875, "stop": 351.93439749145506, "target": 366.26859985351564, "target2": 374.10959716796873, "rr": 1.64, "labelClass": "empuje_favor", "isNewCross": false, "trendBias": 1, "poc": 366.26859985351564, "vah": 374.10959716796873, "val": 336.4728100585937, "clsRsi": 46.132244974035885, "clsAccel": -12.53997802734375, "clsGreen": 2, "scenario": "Dentro del VA bajo el PoC. Sesgo alcista hacia el PoC.", "sym": "GOOGL", "tf": "1d", "sector": "IA/Tech", "bt": {"total": 5, "wr": 100, "avgPnl": 6.03, "totalPnl": 30.14, "avgRR": 3.64}}, "TMC|1d": {"signal": "LONG", "entry": 4.429999828338623, "stop": 4.241104635658264, "target": 5.284999966621399, "target2": 6.097999906539917, "rr": 4.53, "labelClass": "caida_recorrido", "isNewCross": false, "trendBias": -1, "poc": 5.284999966621399, "vah": 6.097999906539917, "val": 4.797200002670288, "clsRsi": 36.936926681124994, "clsAccel": 0.2199997901916504, "clsGreen": 1, "scenario": "Precio bajo VAL (7.7% bajo el VA). 💎 LONG pelotazo: muy caído + gran recorrido al PoC + giro. Alto PnL/op con buena probabilidad. Sesgo alcista hacia el PoC. ⚠️ Contra tendencia bajista (EMA200).", "sym": "TMC", "tf": "1d", "sector": "Minería marina", "bt": {"total": 9, "wr": 67, "avgPnl": 9.77, "totalPnl": 87.95, "avgRR": 3.94}}, "ASM|1d": {"signal": "RANGE_LONG", "entry": 6.340000152587891, "stop": 6.0103201446533205, "target": 6.819999694824219, "target2": 7.313199653625488, "rr": 1.46, "labelClass": "empuje_favor", "isNewCross": false, "trendBias": 1, "poc": 6.819999694824219, "vah": 7.313199653625488, "val": 5.888399772644043, "clsRsi": 57.55968401253538, "clsAccel": -0.04999971389770508, "clsGreen": 4, "scenario": "Dentro del VA bajo el PoC. Sesgo alcista hacia el PoC.", "sym": "ASM", "tf": "1d", "sector": "Plata", "bt": {"total": 11, "wr": 73, "avgPnl": 12.53, "totalPnl": 137.84, "avgRR": 4.69}}, "PLG|1d": {"signal": "LONG", "entry": 1.350000023841858, "stop": 1.32975002348423, "target": 1.7287999868392945, "target2": 1.9211999893188476, "rr": 18.71, "labelClass": "caida_recorrido", "isNewCross": false, "trendBias": -1, "poc": 1.7287999868392945, "vah": 1.9211999893188476, "val": 1.565999984741211, "clsRsi": 47.88732607197689, "clsAccel": -0.08999991416931152, "clsGreen": 0, "scenario": "Precio bajo VAL (13.8% bajo el VA). Sesgo alcista hacia el PoC. ⚠️ Contra tendencia bajista (EMA200).", "sym": "PLG", "tf": "1d", "sector": "Platino/PGM", "bt": {"total": 6, "wr": 50, "avgPnl": 4.81, "totalPnl": 28.83, "avgRR": 7.77}}, "EU|1d": {"signal": "LONG", "entry": 1.309999942779541, "stop": 1.2437532456731797, "target": 1.646400022506714, "target2": 1.9592000484466552, "rr": 5.08, "labelClass": "caida_recorrido", "isNewCross": false, "trendBias": -1, "poc": 1.646400022506714, "vah": 1.9592000484466552, "val": 1.4808000087738038, "clsRsi": 51.72413651356356, "clsAccel": -1.1920928955078125e-07, "clsGreen": 0, "scenario": "Precio bajo VAL (11.5% bajo el VA). Sesgo alcista hacia el PoC. ⚠️ Contra tendencia bajista (EMA200).", "sym": "EU", "tf": "1d", "sector": "Uranio/Tierras raras", "bt": {"total": 3, "wr": 33, "avgPnl": -3.24, "totalPnl": -9.73, "avgRR": 1.53}}, "USAR|1d": {"signal": "RANGE_LONG", "entry": 21.579999923706055, "stop": 20.285199928283692, "target": 22.32069965362549, "target2": 26.351199493408203, "rr": 0.57, "labelClass": "empuje_favor", "isNewCross": false, "trendBias": 1, "poc": 22.32069965362549, "vah": 26.351199493408203, "val": 19.90239974975586, "clsRsi": 52.453103445998096, "clsAccel": -0.030002593994140625, "clsGreen": 2, "scenario": "Dentro del VA bajo el PoC. Sesgo alcista hacia el PoC.", "sym": "USAR", "tf": "1d", "sector": "Tierras raras", "bt": {"total": 5, "wr": 80, "avgPnl": 21.76, "totalPnl": 108.81, "avgRR": 6.33}}, "NMG|1d": {"signal": "LONG", "entry": 1.5, "stop": 1.476405, "target": 1.9050000309944153, "target2": 2.2260000467300416, "rr": 17.16, "labelClass": "caida_recorrido", "isNewCross": false, "trendBias": -1, "poc": 1.9050000309944153, "vah": 2.2260000467300416, "val": 1.7980000257492066, "clsRsi": 56.140354913210416, "clsAccel": -0.07999992370605469, "clsGreen": 0, "scenario": "Precio bajo VAL (16.6% bajo el VA). Sesgo alcista hacia el PoC. ⚠️ Contra tendencia bajista (EMA200).", "sym": "NMG", "tf": "1d", "sector": "Grafito", "bt": {"total": 6, "wr": 67, "avgPnl": 3.48, "totalPnl": 20.87, "avgRR": 2.76}}, "FTI|1d": {"signal": "RANGE_LONG", "entry": 66.30000305175781, "stop": 64.49001296844483, "target": 67.8120002746582, "target2": 71.51439971923828, "rr": 0.84, "labelClass": "empuje_favor", "isNewCross": false, "trendBias": 1, "poc": 67.8120002746582, "vah": 71.51439971923828, "val": 64.6792007446289, "clsRsi": 44.914851514555245, "clsAccel": 0.279998779296875, "clsGreen": 2, "scenario": "Dentro del VA bajo el PoC. ⭐ Range premium: momentum/empuje que favorece llegar al PoC (WR muy alto). Sesgo alcista hacia el PoC.", "sym": "FTI", "tf": "1d", "sector": "Servicios petróleo", "bt": {"total": 4, "wr": 100, "avgPnl": 9.64, "totalPnl": 38.55, "avgRR": 3.51}}, "DPRO|1d": {"signal": "LONG",