{"RTX|1d": {"signal": "SHORT", "entry": 188.94000244140625, "stop": 192.32958608520508, "target": 175.92579864501954, "target2": 173.58679870605468, "rr": 3.84, "labelClass": "corto_estrecho", "isNewCross": false, "trendBias": 1, "poc": 175.92579864501954, "vah": 183.8783984375, "val": 173.58679870605468, "clsRsi": 59.92501233161622, "clsAccel": 5.2100067138671875, "clsGreen": 1, "scenario": "Precio sobre VAH (2.8% sobre el VA). 🛡️ SHORT seguro: cerca del borde con giro/contexto bajista (mayor probabilidad). Sesgo bajista hacia el PoC. ⚠️ Contra tendencia alcista (EMA200).", "sym": "RTX", "tf": "1d", "sector": "Defensa", "bt": {"total": 5, "wr": 80, "avgPnl": 8.64, "totalPnl": 43.19, "avgRR": 7.61}}, "RGTI|1d": {"signal": "RANGE_SHORT", "entry": 19.264999389648438, "stop": 20.266779357910156, "target": 19.05259962081909, "target2": 15.63599967956543, "rr": 0.21, "labelClass": "corto_favor", "isNewCross": false, "trendBias": -1, "poc": 19.05259962081909, "vah": 24.953999519348145, "val": 15.63599967956543, "clsRsi": 34.55348293112286, "clsAccel": 1.4849987030029297, "clsGreen": 0, "scenario": "Dentro del VA sobre el PoC. 🛡️ Range con contexto favorable (sobreventa/tendencia) — el resto de RANGE_SHORT pierde de media. Sesgo bajista hacia el PoC.", "sym": "RGTI", "tf": "1d", "sector": "Cuántica", "bt": {"total": 3, "wr": 67, "avgPnl": 31.86, "totalPnl": 95.59, "avgRR": 12.66}}, "OKLO|1d": {"signal": "LONG", "entry": 52.779998779296875, "stop": 49.613198852539064, "target": 68.90844184875488, "target2": 74.30482391357421, "rr": 5.09, "labelClass": "caida_recorrido", "isNewCross": false, "trendBias": -1, "poc": 68.90844184875488, "vah": 74.30482391357421, "val": 59.914471740722654, "clsRsi": 32.45198555404747, "clsAccel": 1.8499946594238281, "clsGreen": 0, "scenario": "Precio bajo VAL (11.9% bajo el VA). 💎 LONG pelotazo: muy caído + gran recorrido al PoC + giro. Alto PnL/op con buena probabilidad. Sesgo alcista hacia el PoC. ⚠️ Contra tendencia bajista (EMA200).", "sym": "OKLO", "tf": "1d", "sector": "Nuclear SMR", "bt": {"total": 5, "wr": 80, "avgPnl": 19.98, "totalPnl": 99.91, "avgRR": 4.0}}, "PLG|1d": {"signal": "LONG", "entry": 1.3200000524520874, "stop": 1.300200051665306, "target": 1.7287999868392945, "target2": 1.891599988937378, "rr": 20.65, "labelClass": "caida_recorrido", "isNewCross": false, "trendBias": -1, "poc": 1.7287999868392945, "vah": 1.891599988937378, "val": 1.565999984741211, "clsRsi": 30.23256071842735, "clsAccel": 0.039999961853027344, "clsGreen": 0, "scenario": "Precio bajo VAL (15.7% bajo el VA). 💎 LONG pelotazo: muy caído + gran recorrido al PoC + giro. Alto PnL/op con buena probabilidad. Sesgo alcista hacia el PoC. ⚠️ Contra tendencia bajista (EMA200).", "sym": "PLG", "tf": "1d", "sector": "Platino/PGM", "bt": {"total": 6, "wr": 50, "avgPnl": 4.81, "totalPnl": 28.83, "avgRR": 7.77}}, "EU|1d": {"signal": "LONG", "entry": 1.3849999904632568, "stop": 1.3149605409455298, "target": 1.646400022506714, "target2": 1.9592000484466552, "rr": 3.73, "labelClass": "caida_recorrido", "isNewCross": false, "trendBias": -1, "poc": 1.646400022506714, "vah": 1.9592000484466552, "val": 1.5176000118255615, "clsRsi": 40.37558427946151, "clsAccel": 0.08500003814697266, "clsGreen": 0, "scenario": "Precio bajo VAL (8.7% bajo el VA). 💎 LONG pelotazo: muy caído + gran recorrido al PoC + giro. Alto PnL/op con buena probabilidad. Sesgo alcista hacia el PoC. ⚠️ Contra tendencia bajista (EMA200).", "sym": "EU", "tf": "1d", "sector": "Uranio/Tierras raras", "bt": {"total": 3, "wr": 67, "avgPnl": 7.58, "totalPnl": 22.73, "avgRR": 2.27}}, "TPL|1d": {"signal": "RANGE_LONG", "entry": 390.9800109863281, "stop": 380.4079114892578, "target": 397.39479370117186, "target2": 408.0327941894531, "rr": 0.61, "labelClass": "empuje_favor", "isNewCross": false, "trendBias": 1, "poc": 397.39479370117186, "vah": 408.0327941894531, "val": 369.7359924316406, "clsRsi": 43.446786119522606, "clsAccel": 5.760009765625, "clsGreen": 5, "scenario": "Dentro del VA bajo el PoC. ⭐ Range premium: momentum/empuje que favorece llegar al PoC (WR muy alto). Sesgo alcista hacia el PoC.", "sym": "TPL", "tf": "1d", "sector": "Petróleo/Royalty", "bt": {"total": 14, "wr": 50, "avgPnl": 4.52, "totalPnl": 63.26, "avgRR": 6.74}}, "RCAT|1d": {"signal": "LONG", "entry": 9.248000144958496, "stop": 8.693120136260987, "target": 11.180299701690675, "target2": 14.897799911499025, "rr": 3.48, "labelClass": "caida_recorrido", "isNewCross": false, "trendBias": -1, "poc": 11.180299701690675, "vah": 14.897799911499025, "val": 10.734199676513672, "clsRsi": 23.550374943220007, "clsAccel": 0.7480001449584961, "clsGreen": 0, "scenario": "Precio bajo VAL (13.8% bajo el VA). 💎 LONG pelotazo: muy caído + gran recorrido al PoC + giro. Alto PnL/op con buena probabilidad. Sesgo alcista hacia el PoC. ⚠️ Contra tendencia bajista (EMA200).", "sym": "RCAT", "tf": "1d", "sector": "Drones", "bt": {"total": 10, "wr": 70, "avgPnl": 8.51, "totalPnl": 85.11, "avgRR": 3.57}}, "SHLS|1d": {"signal": "SHORT", "entry": 9.970000267028809, "stop": 10.391232778310776, "target": 7.134999933242798, "target2": 5.7399998474121094, "rr": 6.73, "labelClass": "corto_extendido", "isNewCross": false, "trendBias": 1, "poc": 7.134999933242798, "vah": 9.770000095367433, "val": 5.7399998474121094, "clsRsi": 33.132529359092956, "clsAccel": -0.14999961853027344, "clsGreen": 0, "scenario": "Precio sobre VAH (2.0% sobre el VA). Sesgo bajista hacia el PoC. ⚠️ Contra tendencia alcista (EMA200).", "sym": "SHLS", "tf": "1d", "sector": "Solar", "bt": {"total": 7, "wr": 57, "avgPnl": 3.45, "totalPnl": 24.18, "avgRR": 2.63}}, "EOSE|1d": {"signal": "LONG", "entry": 5.945000171661377, "stop": 5.632768762645721, "target": 7.724699935913086, "target2": 8.983199844360351, "rr": 5.7, "labelClass": "caida_recorrido", "isNewCross": false, "trendBias": -1, "poc": 7.724699935913086, "vah": 8.983199844360351, "val": 6.801800003051758, "clsRsi": 30.85201786818098, "clsAccel": 0.315000057220459, "clsGreen": 0, "scenario": "Precio bajo VAL (12.6% bajo el VA). 💎 LONG pelotazo: muy caído + gran recorrido al PoC + giro. Alto PnL/op con buena probabilidad. Sesgo alcista hacia el PoC. ⚠️ Contra tendencia bajista (EMA200).", "sym": "EOSE", "tf": "1d", "sector": "Almacenamiento", "bt": {"total": 7, "wr": 86, "avgPnl": 34.46, "totalPnl": 241.25, "avgRR": 6.8}}, "MARA|1d": {"signal": "SHORT", "entry": 13.515000343322754, "stop": 14.101821658229827, "target": 8.809399948120117, "target2": 7.050799865722656, "rr": 8.02, "labelClass": "corto_extendido", "isNewCross": false, "trendBias": 1, "poc": 8.809399948120117, "vah": 12.522000122070313, "val": 7.050799865722656, "clsRsi": 48.013066322561784, "clsAccel": 0.21500015258789062, "clsGreen": 0, "scenario": "Precio sobre VAH (7.9% sobre el VA). Sesgo bajista hacia el PoC. ⚠️ Contra tendencia alcista (EMA200).", "sym": "MARA", "tf": "1d", "sector": "Cripto/Minería", "bt": {"total": 4, "wr": 50, "avgPnl": -1.12, "totalPnl": -4.5, "avgRR": 1.75}}, "CIFR|1d": {"signal": "SHORT", "entry": 25.400100708007812, "stop": 26.707697892456054, "target": 18.719599933624266, "target2": 16.140800056457522, "rr": 5.11, "labelClass": "corto_extendido", "isNewCross": false, "trendBias": 1, "poc": 18.719599933624266, "vah": 24.98239963531494, "val": 16.140800056457522, "clsRsi": 49.62804147912555, "clsAccel": 0.6001014709472656, "clsGreen": 0, "scenario": "Precio sobre VAH (1.7% sobre el VA). 🛡️ SHORT seguro: cerca del borde con giro/contexto bajista (mayor probabilidad). Sesgo bajista hacia el PoC. ⚠️ Contra tendencia alcista (EMA200).", "sym": "CIFR", "tf": "1d", "sector": "Cripto/Minería", "bt": {"total": 8, "wr": 88, "avgPnl": 15.36, "totalPnl": 122.88, "avgRR": 3.3}}, "HOOD|1d": {"signal": "SHORT", "entry": 96.29499816894531, "stop": 100.15064989562988, "target": 75.88980026245117, "target2": 69.93000030517578, "rr": 5.29, "labelClass": "corto_extendido", "isNewCross": false, "trendBias": 1, "poc": 75.88980026245117, "vah": 90.36360015869141,