{"XOM|1d": {"signal": "RANGE_SHORT", "entry": 137.4600067138672, "stop": 139.80095062820433, "target": 136.67379669189452, "target2": 134.9499969482422, "rr": 0.34, "labelClass": "corto_favor", "isNewCross": false, "trendBias": -1, "poc": 136.67379669189452, "vah": 148.74039489746093, "val": 134.9499969482422, "clsRsi": 42.497720955621105, "clsAccel": -3.1100006103515625, "clsGreen": 0, "scenario": "Dentro del VA sobre el PoC. Sesgo bajista hacia el PoC.", "sym": "XOM", "tf": "1d", "sector": "Petróleo", "bt": {"total": 12, "wr": 67, "avgPnl": 1.11, "totalPnl": 13.26, "avgRR": 2.59}}, "LMT|1d": {"signal": "RANGE_SHORT", "entry": 518.260009765625, "stop": 527.894463347168, "target": 518.0823889160156, "target2": 509.55078857421876, "rr": 0.02, "labelClass": "corto_favor", "isNewCross": false, "trendBias": -1, "poc": 518.0823889160156, "vah": 536.3643896484375, "val": 509.55078857421876, "clsRsi": 45.41720778704049, "clsAccel": -2.280029296875, "clsGreen": 0, "scenario": "Dentro del VA sobre el PoC. Sesgo bajista hacia el PoC.", "sym": "LMT", "tf": "1d", "sector": "Defensa", "bt": {"total": 3, "wr": 67, "avgPnl": 4.49, "totalPnl": 13.48, "avgRR": 3.51}}, "RGTI|1d": {"signal": "LONG", "entry": 16.989999771118164, "stop": 16.488624877872468, "target": 20.706800270080567, "target2": 22.841600036621095, "rr": 7.41, "labelClass": "caida_recorrido", "isNewCross": false, "trendBias": -1, "poc": 20.706800270080567, "vah": 22.841600036621095, "val": 18.097600555419923, "clsRsi": 31.086561974121224, "clsAccel": -0.3000011444091797, "clsGreen": 2, "scenario": "Precio bajo VAL (6.1% bajo el VA). Sesgo alcista hacia el PoC. ⚠️ Contra tendencia bajista (EMA200).", "sym": "RGTI", "tf": "1d", "sector": "Cuántica", "bt": {"total": 3, "wr": 67, "avgPnl": 31.86, "totalPnl": 95.59, "avgRR": 12.81}}, "QCOM|1d": {"signal": "RANGE_LONG", "entry": 191.11000061035156, "stop": 187.23428979797364, "target": 219.53200500488282, "target2": 238.84800903320314, "rr": 7.33, "labelClass": "empuje_favor", "isNewCross": true, "trendBias": 1, "poc": 219.53200500488282, "vah": 238.84800903320314, "val": 189.67999877929688, "clsRsi": 39.0546729635294, "clsAccel": 0.9600067138671875, "clsGreen": 2, "scenario": "Dentro del VA bajo el PoC. ⭐ Range premium: momentum/empuje que favorece llegar al PoC (WR muy alto). Sesgo alcista hacia el PoC.", "sym": "QCOM", "tf": "1d", "sector": "Semis", "bt": {"total": 10, "wr": 60, "avgPnl": 3.43, "totalPnl": 34.31, "avgRR": 4.66}}, "OKLO|1d": {"signal": "LONG", "entry": 49.27000045776367, "stop": 46.31380043029785, "target": 69.3722006225586, "target2": 74.36600036621094, "rr": 6.8, "labelClass": "caida_recorrido", "isNewCross": false, "trendBias": -1, "poc": 69.3722006225586, "vah": 74.36600036621094, "val": 57.24440124511719, "clsRsi": 30.09586993326107, "clsAccel": 2.610004425048828, "clsGreen": 1, "scenario": "Precio bajo VAL (13.9% bajo el VA). 💎 LONG pelotazo: muy caído + gran recorrido al PoC + giro. Alto PnL/op con buena probabilidad. Sesgo alcista hacia el PoC. ⚠️ Contra tendencia bajista (EMA200).", "sym": "OKLO", "tf": "1d", "sector": "Nuclear SMR", "bt": {"total": 5, "wr": 80, "avgPnl": 19.98, "totalPnl": 99.91, "avgRR": 4.0}}, "HO|1d": {"signal": "RANGE_SHORT", "entry": 233.6999969482422, "stop": 238.07486089111327, "target": 230.5500030517578, "target2": 226.9600036621094, "rr": 0.72, "labelClass": "corto_favor", "isNewCross": false, "trendBias": -1, "poc": 230.5500030517578, "vah": 239.88400146484375, "val": 226.9600036621094, "clsRsi": 50.98389147099343, "clsAccel": -0.4000091552734375, "clsGreen": 0, "scenario": "Dentro del VA sobre el PoC. Sesgo bajista hacia el PoC.", "sym": "HO", "tf": "1d", "sector": "Defensa EU", "bt": {"total": 11, "wr": 64, "avgPnl": 2.71, "totalPnl": 29.82, "avgRR": 3.52}}, "EU|1d": {"signal": "LONG", "entry": 1.3200000524520874, "stop": 1.2496440496563912, "target": 1.634800033569336, "target2": 1.9920000553131103, "rr": 4.47, "labelClass": "caida_giro", "isNewCross": false, "trendBias": -1, "poc": 1.634800033569336, "vah": 1.9920000553131103, "val": 1.428000020980835, "clsRsi": 28.571440735636813, "clsAccel": -0.01999986171722412, "clsGreen": 2, "scenario": "Precio bajo VAL (7.6% bajo el VA). 💎 LONG pelotazo: muy caído + gran recorrido al PoC + giro. Alto PnL/op con buena probabilidad. Sesgo alcista hacia el PoC. ⚠️ Contra tendencia bajista (EMA200).", "sym": "EU", "tf": "1d", "sector": "Uranio/Tierras raras", "bt": {"total": 3, "wr": 67, "avgPnl": 9.63, "totalPnl": 28.89, "avgRR": 2.56}}, "ASPI|1d": {"signal": "LONG", "entry": 5.144999980926514, "stop": 5.067824981212616, "target": 6.983899993896484, "target2": 7.35439998626709, "rr": 23.83, "labelClass": "caida_recorrido", "isNewCross": false, "trendBias": -1, "poc": 6.983899993896484, "vah": 7.35439998626709, "val": 5.872400016784668, "clsRsi": 26.348229560143054, "clsAccel": 0.3249998092651367, "clsGreen": 1, "scenario": "Precio bajo VAL (12.4% bajo el VA). 💎 LONG pelotazo: muy caído + gran recorrido al PoC + giro. Alto PnL/op con buena probabilidad. Sesgo alcista hacia el PoC. ⚠️ Contra tendencia bajista (EMA200).", "sym": "ASPI", "tf": "1d", "sector": "Nuclear/Isótopos", "bt": {"total": 8, "wr": 62, "avgPnl": 6.79, "totalPnl": 54.3, "avgRR": 8.22}}, "NMG|1d": {"signal": "LONG", "entry": 1.5700000524520874, "stop": 1.524077550917864, "target": 1.9050000309944153, "target2": 2.2260000467300416, "rr": 7.29, "labelClass": "caida_recorrido", "isNewCross": false, "trendBias": -1, "poc": 1.9050000309944153, "vah": 2.2260000467300416, "val": 1.7980000257492066, "clsRsi": 50.0, "clsAccel": 0.0, "clsGreen": 0, "scenario": "Precio bajo VAL (12.7% bajo el VA). Sesgo alcista hacia el PoC. ⚠️ Contra tendencia bajista (EMA200).", "sym": "NMG", "tf": "1d", "sector": "Grafito", "bt": {"total": 5, "wr": 60, "avgPnl": 3.42, "totalPnl": 17.1, "avgRR": 2.1}}, "TDG|1d": {"signal": "SHORT", "entry": 1295.7099609375, "stop": 1315.1456103515625, "target": 1235.647587890625, "target2": 1146.894765625, "rr": 3.09, "labelClass": "corto_estrecho", "isNewCross": false, "trendBias": 1, "poc": 1235.647587890625, "vah": 1287.03080078125, "val": 1146.894765625, "clsRsi": 45.06797698923402, "clsAccel": 32.4798583984375, "clsGreen": 0, "scenario": "Precio sobre VAH (0.7% sobre el VA). 🛡️ SHORT seguro: cerca del borde con giro/contexto bajista (mayor probabilidad). Sesgo bajista hacia el PoC. ⚠️ Contra tendencia alcista (EMA200).", "sym": "TDG", "tf": "1d", "sector": "Aeroespacial", "bt": {"total": 15, "wr": 53, "avgPnl": 0.98, "totalPnl": 14.66, "avgRR": 2.94}}, "DPRO|1d": {"signal": "LONG", "entry": 4.800000190734863, "stop": 4.5422881804943085, "target": 7.630199794769287, "target2": 8.279999732971191, "rr": 10.98, "labelClass": "caida_recorrido", "isNewCross": false, "trendBias": -1, "poc": 7.630199794769287, "vah": 8.279999732971191, "val": 5.825199966430664, "clsRsi": 26.470586860331125, "clsAccel": 0.08000040054321289, "clsGreen": 1, "scenario": "Precio bajo VAL (17.6% bajo el VA). 💎 LONG pelotazo: muy caído + gran recorrido al PoC + giro. Alto PnL/op con buena probabilidad. Sesgo alcista hacia el PoC. ⚠️ Contra tendencia bajista (EMA200).", "sym": "DPRO", "tf": "1d", "sector": "Drones", "bt": {"total": 11, "wr": 55, "avgPnl": 12.94, "totalPnl": 142.3, "avgRR": 6.56}}, "UMAC|1d": {"signal": "RANGE_LONG", "entry": 20.729999542236328, "stop": 19.486199569702148, "target": 24.27074016571045, "target2": 26.548960266113284, "rr": 2.85, "labelClass": "empuje_favor", "isNewCross": false, "trendBias": 1, "poc": 24.27074016571045, "vah": 26.548960266113284, "val": 18.086999893188477, "clsRsi": 37.56684007900708, "clsAccel": -0.4600028991699219, "clsGreen": 2, "scenario": "Dentro del VA bajo el PoC. Sesgo alcista hacia el PoC.", "sym": "UMAC", "tf": "1d", "sector": "Drones", "bt": {"total": 9, "wr": 56, "avgPnl": 9.07, "totalPnl": 81.61, "avgRR": 5.84}}, "FORM|1d": {"signal": "RANGE_LONG", "entry": 119.44000244140625, "stop": 113.0738503112793, "target": 129.8950001525879,