{"EU|1d": {"signal": "LONG", "entry": 1.3300000429153442, "stop": 1.2627419407451153, "target": 1.646400022506714, "target2": 1.9592000484466552, "rr": 4.7, "labelClass": "caida_recorrido", "isNewCross": false, "trendBias": -1, "poc": 1.646400022506714, "vah": 1.9592000484466552, "val": 1.5176000118255615, "clsRsi": 38.39285638259374, "clsAccel": 0.03000009059906006, "clsGreen": 0, "scenario": "Precio bajo VAL (12.4% bajo el VA). 💎 LONG pelotazo: muy caído + gran recorrido al PoC + giro. Alto PnL/op con buena probabilidad. Sesgo alcista hacia el PoC. ⚠️ Contra tendencia bajista (EMA200).", "sym": "EU", "tf": "1d", "sector": "Uranio/Tierras raras", "bt": {"total": 3, "wr": 67, "avgPnl": 7.58, "totalPnl": 22.73, "avgRR": 2.27}}, "NNE|1d": {"signal": "LONG", "entry": 20.649999618530273, "stop": 20.021826630134584, "target": 26.272800216674803, "target2": 28.0452001953125, "rr": 8.95, "labelClass": "caida_recorrido", "isNewCross": true, "trendBias": -1, "poc": 26.272800216674803, "vah": 28.0452001953125, "val": 22.474800262451172, "clsRsi": 39.05007813989524, "clsAccel": -1.75, "clsGreen": 0, "scenario": "Precio bajo VAL (8.1% bajo el VA). Sesgo alcista hacia el PoC. ⚠️ Contra tendencia bajista (EMA200).", "sym": "NNE", "tf": "1d", "sector": "Nuclear SMR", "bt": {"total": 9, "wr": 56, "avgPnl": 5.76, "totalPnl": 51.85, "avgRR": 6.9}}, "NMG|1d": {"signal": "LONG", "entry": 1.4500000476837158, "stop": 1.427191546933651, "target": 1.9050000309944153, "target2": 2.183200044631958, "rr": 19.95, "labelClass": "caida_recorrido", "isNewCross": false, "trendBias": -1, "poc": 1.9050000309944153, "vah": 2.183200044631958, "val": 1.7980000257492066, "clsRsi": 31.250007450578835, "clsAccel": 0.05000019073486328, "clsGreen": 1, "scenario": "Precio bajo VAL (19.4% bajo el VA). 💎 LONG pelotazo: muy caído + gran recorrido al PoC + giro. Alto PnL/op con buena probabilidad. Sesgo alcista hacia el PoC. ⚠️ Contra tendencia bajista (EMA200).", "sym": "NMG", "tf": "1d", "sector": "Grafito", "bt": {"total": 6, "wr": 67, "avgPnl": 3.48, "totalPnl": 20.87, "avgRR": 2.76}}, "TPL|1d": {"signal": "RANGE_LONG", "entry": 391.0400085449219, "stop": 380.4662867138672, "target": 397.39479370117186, "target2": 408.0327941894531, "rr": 0.6, "labelClass": "empuje_favor", "isNewCross": false, "trendBias": 1, "poc": 397.39479370117186, "vah": 408.0327941894531, "val": 369.7359924316406, "clsRsi": 43.475007475192264, "clsAccel": 5.82000732421875, "clsGreen": 5, "scenario": "Dentro del VA bajo el PoC. ⭐ Range premium: momentum/empuje que favorece llegar al PoC (WR muy alto). Sesgo alcista hacia el PoC.", "sym": "TPL", "tf": "1d", "sector": "Petróleo/Royalty", "bt": {"total": 14, "wr": 50, "avgPnl": 4.52, "totalPnl": 63.26, "avgRR": 6.74}}, "IRDM|1d": {"signal": "SHORT", "entry": 41.84000015258789, "stop": 42.467600154876706, "target": 19.467999839782713, "target2": 15.649999618530273, "rr": 35.65, "labelClass": "corto_extendido", "isNewCross": false, "trendBias": 1, "poc": 19.467999839782713, "vah": 40.085201034545904, "val": 15.649999618530273, "clsRsi": 29.548180270311207, "clsAccel": 1.44000244140625, "clsGreen": 0, "scenario": "Precio sobre VAH (4.4% sobre el VA). Sesgo bajista hacia el PoC. ⚠️ Contra tendencia alcista (EMA200).", "sym": "IRDM", "tf": "1d", "sector": "Satélite", "bt": {"total": 4, "wr": 75, "avgPnl": 2.93, "totalPnl": 11.71, "avgRR": 3.25}}, "LAES|1d": {"signal": "RANGE_SHORT", "entry": 3.1700000762939453, "stop": 3.347203080558777, "target": 3.112800064086914, "target2": 3.016800060272217, "rr": 0.32, "labelClass": "corto_favor", "isNewCross": false, "trendBias": -1, "poc": 3.112800064086914, "vah": 3.5160000801086424, "val": 3.016800060272217, "clsRsi": 38.46153757981292, "clsAccel": 0.04999995231628418, "clsGreen": 0, "scenario": "Dentro del VA sobre el PoC. 🛡️ Range con contexto favorable (sobreventa/tendencia) — el resto de RANGE_SHORT pierde de media. Sesgo bajista hacia el PoC.", "sym": "LAES", "tf": "1d", "sector": "Cuántica/Cripto", "bt": {"total": 11, "wr": 73, "avgPnl": 11.81, "totalPnl": 129.86, "avgRR": 5.98}}, "EOSE|1d": {"signal": "LONG", "entry": 6.090000152587891, "stop": 5.770153344573974, "target": 7.724699935913086, "target2": 9.150999832153321, "rr": 5.11, "labelClass": "caida_recorrido", "isNewCross": false, "trendBias": -1, "poc": 7.724699935913086, "vah": 9.150999832153321, "val": 6.801800003051758, "clsRsi": 31.876139762453448, "clsAccel": 0.46000003814697266, "clsGreen": 1, "scenario": "Precio bajo VAL (10.5% bajo el VA). 💎 LONG pelotazo: muy caído + gran recorrido al PoC + giro. Alto PnL/op con buena probabilidad. Sesgo alcista hacia el PoC. ⚠️ Contra tendencia bajista (EMA200).", "sym": "EOSE", "tf": "1d", "sector": "Almacenamiento", "bt": {"total": 7, "wr": 86, "avgPnl": 34.46, "totalPnl": 241.25, "avgRR": 6.8}}, "MARA|1d": {"signal": "SHORT", "entry": 13.880000114440918, "stop": 14.482669719409943, "target": 8.809399948120117, "target2": 7.050799865722656, "rr": 8.41, "labelClass": "corto_extendido", "isNewCross": false, "trendBias": 1, "poc": 8.809399948120117, "vah": 12.522000122070313, "val": 7.050799865722656, "clsRsi": 50.0, "clsAccel": 0.5799999237060547, "clsGreen": 0, "scenario": "Precio sobre VAH (10.8% sobre el VA). Sesgo bajista hacia el PoC. ⚠️ Contra tendencia alcista (EMA200).", "sym": "MARA", "tf": "1d", "sector": "Cripto/Minería", "bt": {"total": 4, "wr": 50, "avgPnl": -1.12, "totalPnl": -4.5, "avgRR": 1.75}}, "HOOD|1d": {"signal": "SHORT", "entry": 93.47000122070312, "stop": 97.21254006958007, "target": 75.88980026245117, "target2": 69.93000030517578, "rr": 4.7, "labelClass": "corto_extendido", "isNewCross": false, "trendBias": 1, "poc": 75.88980026245117, "vah": 90.36360015869141, "val": 69.93000030517578, "clsRsi": 54.98254913399449, "clsAccel": 2.339996337890625, "clsGreen": 0, "scenario": "Precio sobre VAH (3.4% sobre el VA). Sesgo bajista hacia el PoC. ⚠️ Contra tendencia alcista (EMA200).", "sym": "HOOD", "tf": "1d", "sector": "Fintech/Trading", "bt": {"total": 4, "wr": 50, "avgPnl": 22.22, "totalPnl": 88.87, "avgRR": 7.15}}, "LITE|1d": {"signal": "RANGE_LONG", "entry": 861.969970703125, "stop": 819.1645419580078, "target": 868.9110229492187, "target2": 949.425234375, "rr": 0.16, "labelClass": "empuje_favor", "isNewCross": false, "trendBias": 1, "poc": 868.9110229492187, "vah": 949.425234375, "val": 825.557216796875, "clsRsi": 42.75426443072972, "clsAccel": 4.82989501953125, "clsGreen": 2, "scenario": "Dentro del VA bajo el PoC. ⭐ Range premium: momentum/empuje que favorece llegar al PoC (WR muy alto). Sesgo alcista hacia el PoC.", "sym": "LITE", "tf": "1d", "sector": "Fotónica", "bt": {"total": 3, "wr": 100, "avgPnl": 27.38, "totalPnl": 82.13, "avgRR": 6.35}}, "VFS|1d": {"signal": "RANGE_SHORT", "entry": 3.0799999237060547, "stop": 3.1428627221488954, "target": 3.0431000804901123, "target2": 2.9000000953674316, "rr": 0.59, "labelClass": "corto_favor", "isNewCross": false, "trendBias": -1, "poc": 3.0431000804901123, "vah": 4.330999946594238, "val": 2.9000000953674316, "clsRsi": 33.333343929707894, "clsAccel": -0.020000219345092773, "clsGreen": 0, "scenario": "Dentro del VA sobre el PoC. Sesgo bajista hacia el PoC.", "sym": "VFS", "tf": "1d", "sector": "EV", "bt": {"total": 9, "wr": 67, "avgPnl": 3.41, "totalPnl": 30.66, "avgRR": 4.04}}, "PCG|1d": {"signal": "SHORT", "entry": 17.079999923706055, "stop": 17.336199922561647, "target": 16.629700412750243, "target2": 16.34340026855469, "rr": 1.76, "labelClass": "corto_estrecho", "isNewCross": false, "trendBias": 1, "poc": 16.629700412750243, "vah": 16.997800598144533, "val": 16.34340026855469, "clsRsi": 54.42176605949491, "clsAccel": -0.3900012969970703, "clsGreen": 0, "scenario": "Precio sobre VAH (0.5% sobre el VA). 🛡️ SHORT seguro: cerca del borde con giro/contexto bajista (mayor probabilidad). Sesgo bajista hacia el PoC. ⚠️ Contra tendencia alcista (EMA200).", "sym": "PCG", "tf": "1d", "sector": "Utility", "bt": {"total": 5, "wr": 60, "avgPnl": 1.54, "totalPnl": 7.68,