{"RTX|1d": {"signal": "SHORT", "entry": 188.4499969482422, "stop": 191.83078989349366, "target": 175.92579864501954, "target2": 173.58679870605468, "rr": 3.7, "labelClass": "corto_estrecho", "isNewCross": false, "trendBias": 1, "poc": 175.92579864501954, "vah": 184.81399841308593, "val": 173.58679870605468, "clsRsi": 58.19652282700285, "clsAccel": 1.779998779296875, "clsGreen": 1, "scenario": "Precio sobre VAH (2.0% sobre el VA). 🛡️ SHORT seguro: cerca del borde con giro/contexto bajista (mayor probabilidad). Sesgo bajista hacia el PoC. ⚠️ Contra tendencia alcista (EMA200).", "sym": "RTX", "tf": "1d", "sector": "Defensa", "bt": {"total": 5, "wr": 80, "avgPnl": 8.64, "totalPnl": 43.19, "avgRR": 7.61}}, "AVGO|1d": {"signal": "RANGE_LONG", "entry": 376.07501220703125, "stop": 367.128187666626, "target": 417.08479675292966, "target2": 429.387197265625, "rr": 4.58, "labelClass": "empuje_favor", "isNewCross": false, "trendBias": 1, "poc": 417.08479675292966, "vah": 429.387197265625, "val": 371.9759948730469, "clsRsi": 45.0353458905045, "clsAccel": -3.805023193359375, "clsGreen": 2, "scenario": "Dentro del VA bajo el PoC. Sesgo alcista hacia el PoC.", "sym": "AVGO", "tf": "1d", "sector": "Semis", "bt": {"total": 11, "wr": 64, "avgPnl": 5.73, "totalPnl": 63.07, "avgRR": 5.33}}, "QBTS|1d": {"signal": "RANGE_LONG", "entry": 24.079999923706055, "stop": 22.953055927276612, "target": 24.11599998474121, "target2": 28.57639953613281, "rr": 0.03, "labelClass": "empuje_favor", "isNewCross": false, "trendBias": 1, "poc": 24.11599998474121, "vah": 28.57639953613281, "val": 22.629200134277344, "clsRsi": 51.822914629398866, "clsAccel": -0.8199996948242188, "clsGreen": 3, "scenario": "Dentro del VA bajo el PoC. Sesgo alcista hacia el PoC.", "sym": "QBTS", "tf": "1d", "sector": "Cuántica", "bt": {"total": 9, "wr": 78, "avgPnl": 20.13, "totalPnl": 181.21, "avgRR": 6.94}}, "RKLB|1d": {"signal": "RANGE_LONG", "entry": 102.91000366210938, "stop": 98.32124659881592, "target": 106.97999999999999, "target2": 122.6, "rr": 0.89, "labelClass": "empuje_favor", "isNewCross": false, "trendBias": 1, "poc": 106.97999999999999, "vah": 122.6, "val": 91.36, "clsRsi": 47.03257514599812, "clsAccel": -8.569999694824219, "clsGreen": 3, "scenario": "Dentro del VA bajo el PoC. Sesgo alcista hacia el PoC.", "sym": "RKLB", "tf": "1d", "sector": "Espacio", "bt": {"total": 2, "wr": 100, "avgPnl": 32.46, "totalPnl": 64.92, "avgRR": 7.3}}, "OKLO|1d": {"signal": "LONG", "entry": 51.69990158081055, "stop": 48.59790748596191, "target": 69.36431968688964, "target2": 73.83535980224609, "rr": 5.69, "labelClass": "caida_recorrido", "isNewCross": false, "trendBias": -1, "poc": 69.36431968688964, "vah": 73.83535980224609, "val": 58.50607940673828, "clsRsi": 42.512398926342605, "clsAccel": -3.8200950622558594, "clsGreen": 0, "scenario": "Precio bajo VAL (11.6% bajo el VA). Sesgo alcista hacia el PoC. ⚠️ Contra tendencia bajista (EMA200).", "sym": "OKLO", "tf": "1d", "sector": "Nuclear SMR", "bt": {"total": 5, "wr": 80, "avgPnl": 19.98, "totalPnl": 99.91, "avgRR": 4.0}}, "GOOGL|1d": {"signal": "RANGE_LONG", "entry": 357.4849853515625, "stop": 352.04763872436524, "target": 366.26859985351564, "target2": 374.10959716796873, "rr": 1.62, "labelClass": "empuje_favor", "isNewCross": false, "trendBias": 1, "poc": 366.26859985351564, "vah": 374.10959716796873, "val": 336.4728100585937, "clsRsi": 46.201699144405374, "clsAccel": -12.42498779296875, "clsGreen": 2, "scenario": "Dentro del VA bajo el PoC. Sesgo alcista hacia el PoC.", "sym": "GOOGL", "tf": "1d", "sector": "IA/Tech", "bt": {"total": 5, "wr": 100, "avgPnl": 6.03, "totalPnl": 30.14, "avgRR": 3.64}}, "TMC|1d": {"signal": "LONG", "entry": 4.420000076293945, "stop": 4.231531273040772, "target": 5.284999966621399, "target2": 6.097999906539917, "rr": 4.59, "labelClass": "caida_recorrido", "isNewCross": false, "trendBias": -1, "poc": 5.284999966621399, "vah": 6.097999906539917, "val": 4.797200002670288, "clsRsi": 36.65158048860058, "clsAccel": 0.21000003814697266, "clsGreen": 1, "scenario": "Precio bajo VAL (7.9% bajo el VA). 💎 LONG pelotazo: muy caído + gran recorrido al PoC + giro. Alto PnL/op con buena probabilidad. Sesgo alcista hacia el PoC. ⚠️ Contra tendencia bajista (EMA200).", "sym": "TMC", "tf": "1d", "sector": "Minería marina", "bt": {"total": 9, "wr": 67, "avgPnl": 9.77, "totalPnl": 87.95, "avgRR": 3.94}}, "ASM|1d": {"signal": "RANGE_LONG", "entry": 6.414999961853027, "stop": 6.0814199638366695, "target": 6.819999694824219, "target2": 7.313199653625488, "rr": 1.21, "labelClass": "empuje_favor", "isNewCross": false, "trendBias": 1, "poc": 6.819999694824219, "vah": 7.313199653625488, "val": 5.888399772644043, "clsRsi": 58.387516464524495, "clsAccel": 0.02500009536743164, "clsGreen": 4, "scenario": "Dentro del VA bajo el PoC. ⭐ Range premium: momentum/empuje que favorece llegar al PoC (WR muy alto). Sesgo alcista hacia el PoC.", "sym": "ASM", "tf": "1d", "sector": "Plata", "bt": {"total": 11, "wr": 73, "avgPnl": 12.53, "totalPnl": 137.84, "avgRR": 4.69}}, "PLG|1d": {"signal": "LONG", "entry": 1.3600000143051147, "stop": 1.339600014090538, "target": 1.7287999868392945, "target2": 1.9211999893188476, "rr": 18.08, "labelClass": "caida_recorrido", "isNewCross": false, "trendBias": -1, "poc": 1.7287999868392945, "vah": 1.9211999893188476, "val": 1.565999984741211, "clsRsi": 48.571430031134064, "clsAccel": -0.07999992370605469, "clsGreen": 0, "scenario": "Precio bajo VAL (13.2% bajo el VA). Sesgo alcista hacia el PoC. ⚠️ Contra tendencia bajista (EMA200).", "sym": "PLG", "tf": "1d", "sector": "Platino/PGM", "bt": {"total": 6, "wr": 50, "avgPnl": 4.81, "totalPnl": 28.83, "avgRR": 7.77}}, "EU|1d": {"signal": "LONG", "entry": 1.315000057220459, "stop": 1.2485005043268205, "target": 1.646400022506714, "target2": 1.9592000484466552, "rr": 4.98, "labelClass": "caida_recorrido", "isNewCross": false, "trendBias": -1, "poc": 1.646400022506714, "vah": 1.9592000484466552, "val": 1.4808000087738038, "clsRsi": 52.023126883920725, "clsAccel": 0.004999995231628418, "clsGreen": 0, "scenario": "Precio bajo VAL (11.2% bajo el VA). 💎 LONG pelotazo: muy caído + gran recorrido al PoC + giro. Alto PnL/op con buena probabilidad. Sesgo alcista hacia el PoC. ⚠️ Contra tendencia bajista (EMA200).", "sym": "EU", "tf": "1d", "sector": "Uranio/Tierras raras", "bt": {"total": 3, "wr": 33, "avgPnl": -3.24, "totalPnl": -9.73, "avgRR": 1.53}}, "NNE|1d": {"signal": "LONG", "entry": 21.3700008392334, "stop": 20.71992541370392, "target": 26.272800216674803, "target2": 28.551600189208983, "rr": 7.54, "labelClass": "caida_recorrido", "isNewCross": false, "trendBias": -1, "poc": 26.272800216674803, "vah": 28.551600189208983, "val": 22.474800262451172, "clsRsi": 43.774224210728065, "clsAccel": -1.3999977111816406, "clsGreen": 2, "scenario": "Precio bajo VAL (4.9% bajo el VA). Sesgo alcista hacia el PoC. ⚠️ Contra tendencia bajista (EMA200).", "sym": "NNE", "tf": "1d", "sector": "Nuclear SMR", "bt": {"total": 9, "wr": 56, "avgPnl": 5.76, "totalPnl": 51.85, "avgRR": 6.9}}, "USAR|1d": {"signal": "RANGE_LONG", "entry": 21.420000076293945, "stop": 20.13480007171631, "target": 22.32069965362549, "target2": 26.351199493408203, "rr": 0.7, "labelClass": "empuje_favor", "isNewCross": false, "trendBias": 1, "poc": 22.32069965362549, "vah": 26.351199493408203, "val": 19.90239974975586, "clsRsi": 51.89781178396118, "clsAccel": -0.19000244140625, "clsGreen": 2, "scenario": "Dentro del VA bajo el PoC. Sesgo alcista hacia el PoC.", "sym": "USAR", "tf": "1d", "sector": "Tierras raras", "bt": {"total": 5, "wr": 80, "avgPnl": 21.76, "totalPnl": 108.81, "avgRR": 6.33}}, "NMG|1d": {"signal": "LONG", "entry": 1.5, "stop": 1.476405, "target": 1.9050000309944153, "target2": 2.183200044631958, "rr": 17.16, "labelClass": "caida_recorrido", "isNewCross": false, "trendBias": -1, "poc": 1.9050000309944153, "vah": 2.183200044631958, "val": 1.7980000257492066, "clsRsi": 56.140354913210416, "clsAccel": -0.07999992370605469,