{"HMY|1d": {"signal": "RANGE_SHORT", "entry": 15.40999984741211, "stop": 15.866752242889405, "target": 13.910599727630615, "target2": 13.029999732971191, "rr": 3.28, "labelClass": "corto_favor", "isNewCross": false, "trendBias": -1, "poc": 13.910599727630615, "vah": 16.80399971008301, "val": 13.029999732971191, "clsRsi": 37.92734753180698, "clsAccel": 0.1400012969970703, "clsGreen": 0, "scenario": "Dentro del VA sobre el PoC. 🛡️ Range con contexto favorable (sobreventa/tendencia) — el resto de RANGE_SHORT pierde de media. Sesgo bajista hacia el PoC.", "sym": "HMY", "tf": "1d", "sector": "Oro", "bt": {"total": 7, "wr": 29, "avgPnl": 3.68, "totalPnl": 25.78, "avgRR": 9.28}}, "BTG|1d": {"signal": "RANGE_SHORT", "entry": 4.010000228881836, "stop": 4.124164935398102, "target": 3.4270000219345094, "target2": 2.363600044250488, "rr": 5.11, "labelClass": "corto_favor", "isNewCross": false, "trendBias": -1, "poc": 3.4270000219345094, "vah": 4.653999996185303, "val": 2.363600044250488, "clsRsi": 33.48837570347371, "clsAccel": -0.08999919891357422, "clsGreen": 0, "scenario": "Dentro del VA sobre el PoC. Sesgo bajista hacia el PoC.", "sym": "BTG", "tf": "1d", "sector": "Oro", "bt": {"total": 8, "wr": 50, "avgPnl": 2.47, "totalPnl": 19.76, "avgRR": 6.07}}, "PAAS|1d": {"signal": "RANGE_SHORT", "entry": 46.220001220703125, "stop": 47.40970405212402, "target": 23.073000335693358, "target2": 17.860000610351562, "rr": 19.46, "labelClass": "corto_favor", "isNewCross": false, "trendBias": -1, "poc": 23.073000335693358, "vah": 49.13799896240235, "val": 17.860000610351562, "clsRsi": 32.32283395387249, "clsAccel": -2.5999984741210938, "clsGreen": 0, "scenario": "Dentro del VA sobre el PoC. Sesgo bajista hacia el PoC.", "sym": "PAAS", "tf": "1d", "sector": "Plata", "bt": {"total": 10, "wr": 80, "avgPnl": 6.3, "totalPnl": 63.04, "avgRR": 3.68}}, "HL|1d": {"signal": "LONG", "entry": 15.069999694824219, "stop": 14.650752303314208, "target": 17.764999771118163, "target2": 19.48199951171875, "rr": 6.43, "labelClass": "caida_recorrido", "isNewCross": false, "trendBias": -1, "poc": 17.764999771118163, "vah": 19.48199951171875, "val": 17.25999984741211, "clsRsi": 34.21965164969163, "clsAccel": -0.9299993515014648, "clsGreen": 0, "scenario": "Precio bajo VAL (12.7% bajo el VA). Sesgo alcista hacia el PoC. ⚠️ Contra tendencia bajista (EMA200).", "sym": "HL", "tf": "1d", "sector": "Plata", "bt": {"total": 6, "wr": 67, "avgPnl": 12.45, "totalPnl": 74.69, "avgRR": 6.9}}, "UEC|1d": {"signal": "LONG", "entry": 11.34000015258789, "stop": 10.723784544296265, "target": 14.948999996185304, "target2": 15.443999977111817, "rr": 5.86, "labelClass": "caida_recorrido", "isNewCross": false, "trendBias": -1, "poc": 14.948999996185304, "vah": 15.443999977111817, "val": 13.068000068664551, "clsRsi": 29.662703021207804, "clsAccel": 0.4099998474121094, "clsGreen": 0, "scenario": "Precio bajo VAL (13.2% bajo el VA). 💎 LONG pelotazo: muy caído + gran recorrido al PoC + giro. Alto PnL/op con buena probabilidad. Sesgo alcista hacia el PoC. ⚠️ Contra tendencia bajista (EMA200).", "sym": "UEC", "tf": "1d", "sector": "Uranio", "bt": {"total": 6, "wr": 67, "avgPnl": 18.38, "totalPnl": 110.29, "avgRR": 4.22}}, "UUUU|1d": {"signal": "LONG", "entry": 15.470000267028809, "stop": 14.860636956510543, "target": 21.005000114440918, "target2": 22.72760040283203, "rr": 9.08, "labelClass": "caida_recorrido", "isNewCross": false, "trendBias": -1, "poc": 21.005000114440918, "vah": 22.72760040283203, "val": 18.516799697875978, "clsRsi": 31.381517933481362, "clsAccel": -0.21000194549560547, "clsGreen": 0, "scenario": "Precio bajo VAL (16.5% bajo el VA). Sesgo alcista hacia el PoC. ⚠️ Contra tendencia bajista (EMA200).", "sym": "UUUU", "tf": "1d", "sector": "Uranio", "bt": {"total": 10, "wr": 70, "avgPnl": 9.19, "totalPnl": 91.94, "avgRR": 4.68}}, "RHM|1d": {"signal": "LONG", "entry": 1166.5999755859375, "stop": 1128.230502388916, "target": 1564.9099853515625, "target2": 1658.0519921875, "rr": 10.38, "labelClass": "caida_recorrido", "isNewCross": false, "trendBias": -1, "poc": 1564.9099853515625, "vah": 1658.0519921875, "val": 1391.9319726562499, "clsRsi": 43.168951330782726, "clsAccel": -9.60009765625, "clsGreen": 0, "scenario": "Precio bajo VAL (16.2% bajo el VA). Sesgo alcista hacia el PoC. ⚠️ Contra tendencia bajista (EMA200).", "sym": "RHM", "tf": "1d", "sector": "Defensa", "bt": {"total": 5, "wr": 80, "avgPnl": 8.48, "totalPnl": 42.38, "avgRR": 3.74}}, "TSM|1d": {"signal": "SHORT", "entry": 436.3900146484375, "stop": 442.93586486816406, "target": 342.83578918457033, "target2": 329.0819885253906, "rr": 14.29, "labelClass": "corto_estrecho", "isNewCross": false, "trendBias": 1, "poc": 342.83578918457033, "vah": 356.58958984375, "val": 329.0819885253906, "clsRsi": 47.440870311851235, "clsAccel": -36.83001708984375, "clsGreen": 0, "scenario": "Precio sobre VAH (22.4% sobre el VA). Sesgo bajista hacia el PoC. ⚠️ Contra tendencia alcista (EMA200).", "sym": "TSM", "tf": "1d", "sector": "Semis", "bt": {"total": 5, "wr": 60, "avgPnl": 5.85, "totalPnl": 29.24, "avgRR": 5.98}}, "AVGO|1d": {"signal": "SHORT", "entry": 380.1499938964844, "stop": 385.98149480285645, "target": 319.0228021240234, "target2": 310.17759887695314, "rr": 10.48, "labelClass": "corto_estrecho", "isNewCross": false, "trendBias": 1, "poc": 319.0228021240234, "vah": 335.44960815429687, "val": 310.17759887695314, "clsRsi": 29.141986933627663, "clsAccel": 7.239990234375, "clsGreen": 0, "scenario": "Precio sobre VAH (13.3% sobre el VA). Sesgo bajista hacia el PoC. ⚠️ Contra tendencia alcista (EMA200).", "sym": "AVGO", "tf": "1d", "sector": "Semis", "bt": {"total": 10, "wr": 60, "avgPnl": 4.58, "totalPnl": 45.76, "avgRR": 4.71}}, "IONQ|1d": {"signal": "SHORT", "entry": 57.849998474121094, "stop": 58.71774845123291, "target": 33.25460037231446, "target2": 31.01320007324219, "rr": 28.34, "labelClass": "corto_estrecho", "isNewCross": false, "trendBias": 1, "poc": 33.25460037231446, "vah": 36.776800842285155, "val": 31.01320007324219, "clsRsi": 33.95690323624993, "clsAccel": -2.240001678466797, "clsGreen": 0, "scenario": "Precio sobre VAH (57.3% sobre el VA). Sesgo bajista hacia el PoC. ⚠️ Contra tendencia alcista (EMA200).", "sym": "IONQ", "tf": "1d", "sector": "Cuántica", "bt": {"total": 11, "wr": 64, "avgPnl": 3.43, "totalPnl": 37.74, "avgRR": 5.59}}, "IBM|1d": {"signal": "SHORT", "entry": 264.94000244140625, "stop": 268.91410247802736, "target": 228.0343975830078, "target2": 221.5719970703125, "rr": 9.29, "labelClass": "corto_estrecho", "isNewCross": false, "trendBias": 1, "poc": 228.0343975830078, "vah": 232.65039794921876, "val": 221.5719970703125, "clsRsi": 19.42939849783359, "clsAccel": 9.600006103515625, "clsGreen": 2, "scenario": "Precio sobre VAH (13.9% sobre el VA). Sesgo bajista hacia el PoC. ⚠️ Contra tendencia alcista (EMA200).", "sym": "IBM", "tf": "1d", "sector": "Cuántica/Tech", "bt": {"total": 8, "wr": 62, "avgPnl": 3.66, "totalPnl": 29.24, "avgRR": 4.61}}, "KTOS|1d": {"signal": "LONG", "entry": 50.79999923706055, "stop": 48.60747126998901, "target": 89.53639991760254, "target2": 101.06399993896484, "rr": 17.67, "labelClass": "caida_recorrido", "isNewCross": false, "trendBias": -1, "poc": 89.53639991760254, "vah": 101.06399993896484, "val": 61.540799865722654, "clsRsi": 29.442795140330034, "clsAccel": 2.829998016357422, "clsGreen": 0, "scenario": "Precio bajo VAL (17.5% bajo el VA). 💎 LONG pelotazo: muy caído + gran recorrido al PoC + giro. Alto PnL/op con buena probabilidad. Sesgo alcista hacia el PoC. ⚠️ Contra tendencia bajista (EMA200).", "sym": "KTOS", "tf": "1d", "sector": "Drones/Defensa", "bt": {"total": 4, "wr": 50, "avgPnl": 3.64, "totalPnl": 14.54, "avgRR": 1.71}}, "RKLB|1d": {"signal": "SHORT", "entry": 95.12000274658203, "stop": 99.36140366905212, "target": 71.90859870910644, "target2": 66.0487191772461, "rr": 5.47, "labelClass": "corto_estrecho", "isNewCross": false, "trendBias": 1, "poc": 71.90859870910644, "vah": 75.06391845703125,