{"ANTO|1d": {"signal": "RANGE_LONG", "entry": 3778.0, "stop": 3680.26314, "target": 3793.5, "target2": 4169.4, "rr": 0.16, "labelClass": "empuje_favor", "isNewCross": false, "trendBias": 1, "poc": 3793.5, "vah": 4169.4, "val": 3704.0, "clsRsi": 43.77622377622378, "clsAccel": -127.0, "clsGreen": 2, "scenario": "Dentro del VA bajo el PoC. Sesgo alcista hacia el PoC.", "sym": "ANTO", "tf": "1d", "sector": "Cobre", "bt": {"total": 5, "wr": 80, "avgPnl": 8.51, "totalPnl": 42.53, "avgRR": 3.94}}, "SMR|1d": {"signal": "LONG", "entry": 8.350000381469727, "stop": 8.22475037574768, "target": 10.07900037765503, "target2": 11.888000297546387, "rr": 13.8, "labelClass": "caida_recorrido", "isNewCross": false, "trendBias": -1, "poc": 10.07900037765503, "vah": 11.888000297546387, "val": 9.234800415039063, "clsRsi": 14.496319332362319, "clsAccel": -0.6999998092651367, "clsGreen": 0, "scenario": "Precio bajo VAL (9.6% bajo el VA). Sesgo alcista hacia el PoC. ⚠️ Contra tendencia bajista (EMA200).", "sym": "SMR", "tf": "1d", "sector": "Nuclear SMR", "bt": {"total": 5, "wr": 80, "avgPnl": 13.13, "totalPnl": 65.66, "avgRR": 5.48}}, "SAAB|1d": {"signal": "RANGE_SHORT", "entry": 546.5, "stop": 556.30421, "target": 503.6379949951172, "target2": 488.2279943847656, "rr": 4.37, "labelClass": "corto_favor", "isNewCross": true, "trendBias": -1, "poc": 503.6379949951172, "vah": 549.8679968261719, "val": 488.2279943847656, "clsRsi": 61.534387561751636, "clsAccel": 4.5, "clsGreen": 0, "scenario": "Dentro del VA sobre el PoC. 🛡️ Range con contexto favorable (sobreventa/tendencia) — el resto de RANGE_SHORT pierde de media. Sesgo bajista hacia el PoC.", "sym": "SAAB", "tf": "1d", "sector": "Defensa EU", "bt": {"total": 9, "wr": 67, "avgPnl": 6.14, "totalPnl": 55.23, "avgRR": 6.14}}, "EU|1d": {"signal": "LONG", "entry": 1.2200000286102295, "stop": 1.1549740270853042, "target": 1.6616000461578369, "target2": 1.9880000591278075, "rr": 6.79, "labelClass": "caida_recorrido", "isNewCross": false, "trendBias": -1, "poc": 1.6616000461578369, "vah": 1.9880000591278075, "val": 1.4120000362396241, "clsRsi": 26.153862800815318, "clsAccel": -0.10000002384185791, "clsGreen": 0, "scenario": "Precio bajo VAL (13.6% bajo el VA). Sesgo alcista hacia el PoC. ⚠️ Contra tendencia bajista (EMA200).", "sym": "EU", "tf": "1d", "sector": "Uranio/Tierras raras", "bt": {"total": 2, "wr": 50, "avgPnl": 13.95, "totalPnl": 27.91, "avgRR": 3.71}}, "NMG|1d": {"signal": "LONG", "entry": 1.5199999809265137, "stop": 1.4755399814844132, "target": 1.9050000309944153, "target2": 2.2688000488281252, "rr": 8.66, "labelClass": "caida_recorrido", "isNewCross": false, "trendBias": -1, "poc": 1.9050000309944153, "vah": 2.2688000488281252, "val": 1.7980000257492066, "clsRsi": 51.111109933735534, "clsAccel": -0.11000001430511475, "clsGreen": 0, "scenario": "Precio bajo VAL (15.5% bajo el VA). Sesgo alcista hacia el PoC. ⚠️ Contra tendencia bajista (EMA200).", "sym": "NMG", "tf": "1d", "sector": "Grafito", "bt": {"total": 5, "wr": 60, "avgPnl": 3.42, "totalPnl": 17.1, "avgRR": 2.1}}, "COP|1d": {"signal": "RANGE_LONG", "entry": 112.8499984741211, "stop": 110.94283349990845, "target": 117.53220031738282, "target2": 126.23279907226562, "rr": 2.46, "labelClass": "empuje_favor", "isNewCross": true, "trendBias": 1, "poc": 117.53220031738282, "vah": 126.23279907226562, "val": 110.87880126953125, "clsRsi": 56.46817196990229, "clsAccel": 2.7899932861328125, "clsGreen": 2, "scenario": "Dentro del VA bajo el PoC. ⭐ Range premium: momentum/empuje que favorece llegar al PoC (WR muy alto). Sesgo alcista hacia el PoC.", "sym": "COP", "tf": "1d", "sector": "Petróleo", "bt": {"total": 14, "wr": 57, "avgPnl": 2.22, "totalPnl": 31.14, "avgRR": 3.75}}, "EOG|1d": {"signal": "SHORT", "entry": 139.61000061035156, "stop": 141.70415061950683, "target": 132.08400146484374, "target2": 129.50800231933593, "rr": 3.59, "labelClass": "corto_estrecho", "isNewCross": true, "trendBias": 1, "poc": 132.08400146484374, "vah": 137.60399963378907, "val": 129.50800231933593, "clsRsi": 61.195507022167575, "clsAccel": 4.949981689453125, "clsGreen": 2, "scenario": "Precio sobre VAH (1.5% sobre el VA). Sesgo bajista hacia el PoC. ⚠️ Contra tendencia alcista (EMA200).", "sym": "EOG", "tf": "1d", "sector": "Petróleo", "bt": {"total": 15, "wr": 60, "avgPnl": 1.98, "totalPnl": 29.73, "avgRR": 3.52}}, "APA|1d": {"signal": "RANGE_LONG", "entry": 34.66999816894531, "stop": 33.863227311553956, "target": 38.168400268554684, "target2": 40.438800201416015, "rr": 4.34, "labelClass": "empuje_favor", "isNewCross": true, "trendBias": 1, "poc": 38.168400268554684, "vah": 40.438800201416015, "val": 34.246800384521485, "clsRsi": 52.643407433216986, "clsAccel": 1.0800018310546875, "clsGreen": 2, "scenario": "Dentro del VA bajo el PoC. ⭐ Range premium: momentum/empuje que favorece llegar al PoC (WR muy alto). Sesgo alcista hacia el PoC.", "sym": "APA", "tf": "1d", "sector": "Petróleo", "bt": {"total": 7, "wr": 57, "avgPnl": 0.84, "totalPnl": 5.85, "avgRR": 2.54}}, "IRDM|1d": {"signal": "SHORT", "entry": 48.59000015258789, "stop": 49.46802145534515, "target": 18.141799659729003, "target2": 15.649999618530273, "rr": 34.68, "labelClass": "corto_extendido", "isNewCross": false, "trendBias": 1, "poc": 18.141799659729003, "vah": 42.2292000579834, "val": 15.649999618530273, "clsRsi": 60.81799575687168, "clsAccel": -0.9200019836425781, "clsGreen": 0, "scenario": "Precio sobre VAH (15.1% sobre el VA). Sesgo bajista hacia el PoC. ⚠️ Contra tendencia alcista (EMA200).", "sym": "IRDM", "tf": "1d", "sector": "Satélite", "bt": {"total": 1, "wr": 100, "avgPnl": 5.17, "totalPnl": 5.17, "avgRR": 3.03}}, "DPRO|1d": {"signal": "LONG", "entry": 4.625, "stop": 4.37668375, "target": 7.60499981880188, "target2": 8.279999732971191, "rr": 12.0, "labelClass": "caida_recorrido", "isNewCross": false, "trendBias": -1, "poc": 7.60499981880188, "vah": 8.279999732971191, "val": 5.730000057220459, "clsRsi": 26.63185963710086, "clsAccel": -0.13500022888183594, "clsGreen": 0, "scenario": "Precio bajo VAL (19.3% bajo el VA). Sesgo alcista hacia el PoC. ⚠️ Contra tendencia bajista (EMA200).", "sym": "DPRO", "tf": "1d", "sector": "Drones", "bt": {"total": 11, "wr": 55, "avgPnl": 12.94, "totalPnl": 142.3, "avgRR": 6.56}}, "LAES|1d": {"signal": "LONG", "entry": 2.7100000381469727, "stop": 2.669350037574768, "target": 3.131200089454651, "target2": 3.503200092315674, "rr": 10.36, "labelClass": "caida_recorrido", "isNewCross": false, "trendBias": -1, "poc": 3.131200089454651, "vah": 3.503200092315674, "val": 3.0072000885009764, "clsRsi": 33.61345177593783, "clsAccel": -0.019999980926513672, "clsGreen": 0, "scenario": "Precio bajo VAL (9.9% bajo el VA). Sesgo alcista hacia el PoC. ⚠️ Contra tendencia bajista (EMA200).", "sym": "LAES", "tf": "1d", "sector": "Cuántica/Cripto", "bt": {"total": 11, "wr": 73, "avgPnl": 11.81, "totalPnl": 129.86, "avgRR": 5.98}}, "CORZ|1d": {"signal": "LONG", "entry": 22.709999084472656, "stop": 21.4936515335083, "target": 29.094999084472654, "target2": 30.459999084472656, "rr": 5.25, "labelClass": "caida_recorrido", "isNewCross": false, "trendBias": 1, "poc": 29.094999084472654, "vah": 30.459999084472656, "val": 25.389999084472656, "clsRsi": 26.700795240417378, "clsAccel": -0.5300006866455078, "clsGreen": 0, "scenario": "Precio bajo VAL (10.6% bajo el VA). Sesgo alcista hacia el PoC.", "sym": "CORZ", "tf": "1d", "sector": "IA/Datacenter", "bt": {"total": 6, "wr": 67, "avgPnl": 13.52, "totalPnl": 81.1, "avgRR": 3.52}}, "STEM|1d": {"signal": "LONG", "entry": 6.519999980926514, "stop": 6.128799982070923, "target": 8.882800092697144, "target2": 10.167600231170654, "rr": 6.04, "labelClass": "caida_recorrido", "isNewCross": false, "trendBias": -1, "poc": 8.882800092697144, "vah": 10.167600231170654, "val": 7.130799903869629, "clsRsi": 26.23456994528884, "clsAccel": -0.309999942779541, "clsGreen": 0, "scenario": "Precio bajo VAL (8.6% bajo el VA). Sesgo alcista hacia el PoC. ⚠️ Contra tendencia bajista (EMA200).",