{"RTX|1d": {"signal": "SHORT", "entry": 184.71499633789062, "stop": 188.02878337219238, "target": 176.02879943847657, "target2": 171.94639892578124, "rr": 2.62, "labelClass": "corto_estrecho", "isNewCross": true, "trendBias": 1, "poc": 176.02879943847657, "vah": 181.27760009765626, "val": 171.94639892578124, "clsRsi": 60.51917044004088, "clsAccel": 6.654998779296875, "clsGreen": 1, "scenario": "Precio sobre VAH (1.9% sobre el VA). Sesgo bajista hacia el PoC. ⚠️ Contra tendencia alcista (EMA200).", "sym": "RTX", "tf": "1d", "sector": "Defensa", "bt": {"total": 5, "wr": 60, "avgPnl": 7.32, "totalPnl": 36.58, "avgRR": 7.51}}, "QUBT|1d": {"signal": "RANGE_SHORT", "entry": 10.305000305175781, "stop": 10.906503172988891, "target": 9.600399827957153, "target2": 9.184719829559326, "rr": 1.17, "labelClass": "corto_favor", "isNewCross": false, "trendBias": -1, "poc": 9.600399827957153, "vah": 11.955919818878174, "val": 9.184719829559326, "clsRsi": 38.001235011251126, "clsAccel": -0.0149993896484375, "clsGreen": 0, "scenario": "Dentro del VA sobre el PoC. Sesgo bajista hacia el PoC.", "sym": "QUBT", "tf": "1d", "sector": "Cuántica", "bt": {"total": 5, "wr": 40, "avgPnl": 16.09, "totalPnl": 80.43, "avgRR": 9.3}}, "LEU|1d": {"signal": "RANGE_SHORT", "entry": 179.90499877929688, "stop": 188.46487862121583, "target": 178.98299621582032, "target2": 173.5619958496094, "rr": 0.11, "labelClass": "corto_favor", "isNewCross": false, "trendBias": -1, "poc": 178.98299621582032, "vah": 213.31599853515627, "val": 173.5619958496094, "clsRsi": 43.375485114939615, "clsAccel": 3.9350128173828125, "clsGreen": 0, "scenario": "Dentro del VA sobre el PoC. 🛡️ Range con contexto favorable (sobreventa/tendencia) — el resto de RANGE_SHORT pierde de media. Sesgo bajista hacia el PoC.", "sym": "LEU", "tf": "1d", "sector": "Uranio/Enriquec.", "bt": {"total": 4, "wr": 75, "avgPnl": 1.55, "totalPnl": 6.2, "avgRR": 2.16}}}