{"GOLD|1d": {"signal": "LONG", "entry": 37.56999969482422, "stop": 36.87157340049744, "target": 41.51564979553223, "target2": 44.923755950927735, "rr": 5.65, "labelClass": "caida_recorrido", "isNewCross": false, "trendBias": -1, "poc": 41.51564979553223, "vah": 44.923755950927735, "val": 40.61877975463867, "clsRsi": 36.7117079705982, "clsAccel": -0.37000274658203125, "clsGreen": 0, "scenario": "Precio bajo VAL (7.5% bajo el VA). Sesgo alcista hacia el PoC. ⚠️ Contra tendencia bajista (EMA200).", "sym": "GOLD", "tf": "1d", "sector": "Oro", "bt": {"total": 11, "wr": 73, "avgPnl": 5.13, "totalPnl": 56.4, "avgRR": 4.02}}, "SHEL|1d": {"signal": "SHORT", "entry": 3236.0, "stop": 3284.54, "target": 2919.2, "target2": 2895.2200000000003, "rr": 6.53, "labelClass": "corto_estrecho", "isNewCross": true, "trendBias": 1, "poc": 2919.2, "vah": 3182.98, "val": 2895.2200000000003, "clsRsi": 78.50467289719626, "clsAccel": 45.5, "clsGreen": 2, "scenario": "Precio sobre VAH (1.7% sobre el VA). Sesgo bajista hacia el PoC. ⚠️ Contra tendencia alcista (EMA200).", "sym": "SHEL", "tf": "1d", "sector": "Petróleo", "bt": {"total": 7, "wr": 57, "avgPnl": 3.48, "totalPnl": 24.37, "avgRR": 5.59}}, "STX|1d": {"signal": "RANGE_LONG", "entry": 802.4500122070312, "stop": 768.2335436865235, "target": 887.1262084960938, "target2": 1020.5092041015625, "rr": 2.47, "labelClass": "empuje_favor", "isNewCross": false, "trendBias": 1, "poc": 887.1262084960938, "vah": 1020.5092041015625, "val": 789.31201171875, "clsRsi": 35.60582792958857, "clsAccel": -27.37994384765625, "clsGreen": 2, "scenario": "Dentro del VA bajo el PoC. Sesgo alcista hacia el PoC.", "sym": "STX", "tf": "1d", "sector": "Memorias", "bt": {"total": 6, "wr": 83, "avgPnl": 10.9, "totalPnl": 65.39, "avgRR": 3.77}}, "ARM|1d": {"signal": "RANGE_LONG", "entry": 269.6099853515625, "stop": 259.2353931152344, "target": 331.14360229492183, "target2": 385.6344067382812, "rr": 5.93, "labelClass": "empuje_favor", "isNewCross": false, "trendBias": 1, "poc": 331.14360229492183, "vah": 385.6344067382812, "val": 259.886396484375, "clsRsi": 29.490376884417856, "clsAccel": -2.760009765625, "clsGreen": 2, "scenario": "Dentro del VA bajo el PoC. Sesgo alcista hacia el PoC.", "sym": "ARM", "tf": "1d", "sector": "Semis", "bt": {"total": 6, "wr": 83, "avgPnl": 12.03, "totalPnl": 72.19, "avgRR": 3.27}}, "SMR|1d": {"signal": "LONG", "entry": 7.960000038146973, "stop": 7.840600037574768, "target": 10.187800102233886, "target2": 11.747600135803221, "rr": 18.66, "labelClass": "caida_giro", "isNewCross": false, "trendBias": -1, "poc": 10.187800102233886, "vah": 11.747600135803221, "val": 8.628000068664551, "clsRsi": 22.877354777211323, "clsAccel": 0.16000032424926758, "clsGreen": 2, "scenario": "Precio bajo VAL (7.7% bajo el VA). 💎 LONG pelotazo: muy caído + gran recorrido al PoC + giro. Alto PnL/op con buena probabilidad. Sesgo alcista hacia el PoC. ⚠️ Contra tendencia bajista (EMA200).", "sym": "SMR", "tf": "1d", "sector": "Nuclear SMR", "bt": {"total": 5, "wr": 80, "avgPnl": 13.13, "totalPnl": 65.66, "avgRR": 5.48}}, "NMG|1d": {"signal": "LONG", "entry": 1.3600000143051147, "stop": 1.3202200138866902, "target": 1.8950000405311584, "target2": 2.2656000518798827, "rr": 13.45, "labelClass": "caida_recorrido", "isNewCross": false, "trendBias": -1, "poc": 1.8950000405311584, "vah": 2.2656000518798827, "val": 1.7860000371932983, "clsRsi": 34.69387655802319, "clsAccel": -0.059999942779541016, "clsGreen": 0, "scenario": "Precio bajo VAL (23.9% bajo el VA). Sesgo alcista hacia el PoC. ⚠️ Contra tendencia bajista (EMA200).", "sym": "NMG", "tf": "1d", "sector": "Grafito", "bt": {"total": 5, "wr": 60, "avgPnl": 3.42, "totalPnl": 17.1, "avgRR": 2.1}}, "COP|1d": {"signal": "RANGE_LONG", "entry": 115.68000030517578, "stop": 113.72500830001832, "target": 117.53220031738282, "target2": 123.16199951171875, "rr": 0.95, "labelClass": "empuje_favor", "isNewCross": false, "trendBias": 1, "poc": 117.53220031738282, "vah": 123.16199951171875, "val": 107.80800170898438, "clsRsi": 73.99665671847445, "clsAccel": -0.9000015258789062, "clsGreen": 3, "scenario": "Dentro del VA bajo el PoC. ⭐ Range premium: momentum/empuje que favorece llegar al PoC (WR muy alto). Sesgo alcista hacia el PoC.", "sym": "COP", "tf": "1d", "sector": "Petróleo", "bt": {"total": 14, "wr": 57, "avgPnl": 2.22, "totalPnl": 31.14, "avgRR": 3.75}}, "EOG|1d": {"signal": "SHORT", "entry": 141.08999633789062, "stop": 143.20634628295898, "target": 132.08400146484374, "target2": 129.50800231933593, "rr": 4.26, "labelClass": "corto_estrecho", "isNewCross": false, "trendBias": 1, "poc": 132.08400146484374, "vah": 138.33999938964843, "val": 129.50800231933593, "clsRsi": 64.77419945501512, "clsAccel": -0.2299957275390625, "clsGreen": 3, "scenario": "Precio sobre VAH (2.0% sobre el VA). Sesgo bajista hacia el PoC. ⚠️ Contra tendencia alcista (EMA200).", "sym": "EOG", "tf": "1d", "sector": "Petróleo", "bt": {"total": 15, "wr": 60, "avgPnl": 1.98, "totalPnl": 29.73, "avgRR": 3.52}}, "FTI|1d": {"signal": "SHORT", "entry": 72.05000305175781, "stop": 74.10126663864136, "target": 67.8120002746582, "target2": 64.10960083007812, "rr": 2.07, "labelClass": "corto_estrecho", "isNewCross": false, "trendBias": 1, "poc": 67.8120002746582, "vah": 71.51439971923828, "val": 64.10960083007812, "clsRsi": 73.74652865035625, "clsAccel": -0.07999420166015625, "clsGreen": 0, "scenario": "Precio sobre VAH (0.7% sobre el VA). Sesgo bajista hacia el PoC. ⚠️ Contra tendencia alcista (EMA200).", "sym": "FTI", "tf": "1d", "sector": "Servicios petróleo", "bt": {"total": 3, "wr": 67, "avgPnl": 7.59, "totalPnl": 22.76, "avgRR": 7.21}}, "BAH|1d": {"signal": "RANGE_SHORT", "entry": 64.5199966430664, "stop": 66.34849334793091, "target": 63.97480010986328, "target2": 59.5, "rr": 0.3, "labelClass": "corto_favor", "isNewCross": false, "trendBias": -1, "poc": 63.97480010986328, "vah": 68.44960021972656, "val": 59.5, "clsRsi": 59.70379792299971, "clsAccel": -0.6399993896484375, "clsGreen": 0, "scenario": "Dentro del VA sobre el PoC. Sesgo bajista hacia el PoC.", "sym": "BAH", "tf": "1d", "sector": "Defensa/IT", "bt": {"total": 10, "wr": 60, "avgPnl": 2.89, "totalPnl": 28.89, "avgRR": 3.41}}, "MPWR|1d": {"signal": "RANGE_LONG", "entry": 1328.800048828125, "stop": 1293.0420395141603, "target": 1337.2797924804688, "target2": 1559.5011767578126, "rr": 0.24, "labelClass": "empuje_favor", "isNewCross": false, "trendBias": 1, "poc": 1337.2797924804688, "vah": 1559.5011767578126, "val": 1269.647197265625, "clsRsi": 51.21792103685501, "clsAccel": 10.4500732421875, "clsGreen": 2, "scenario": "Dentro del VA bajo el PoC. ⭐ Range premium: momentum/empuje que favorece llegar al PoC (WR muy alto). Sesgo alcista hacia el PoC.", "sym": "MPWR", "tf": "1d", "sector": "Semis", "bt": {"total": 13, "wr": 62, "avgPnl": 4.49, "totalPnl": 58.34, "avgRR": 6.02}}, "TER|1d": {"signal": "RANGE_LONG", "entry": 333.760009765625, "stop": 323.6070302685547, "target": 354.1470062255859, "target2": 419.11760498046874, "rr": 2.01, "labelClass": "empuje_favor", "isNewCross": false, "trendBias": 1, "poc": 354.1470062255859, "vah": 419.11760498046874, "val": 312.10720703125, "clsRsi": 26.71847514252454, "clsAccel": 11.34002685546875, "clsGreen": 2, "scenario": "Dentro del VA bajo el PoC. ⭐ Range premium: momentum/empuje que favorece llegar al PoC (WR muy alto). Sesgo alcista hacia el PoC.", "sym": "TER", "tf": "1d", "sector": "Semis/Equipos", "bt": {"total": 2, "wr": 50, "avgPnl": -1.48, "totalPnl": -2.97, "avgRR": 0.55}}, "LAES|1d": {"signal": "LONG", "entry": 2.569999933242798, "stop": 2.531449934244156, "target": 3.125, "target2": 3.590000057220459, "rr": 14.4, "labelClass": "caida_giro", "isNewCross": false, "trendBias": -1, "poc": 3.125, "vah": 3.590000057220459, "val": 2.969999980926514, "clsRsi": 19.811307386636983, "clsAccel": -0.06999993324279785, "clsGreen": 2,