{"BA.|1d": {"signal": "LONG", "entry": 1875.5, "stop": 1847.3675, "target": 2276.9, "target2": 2326.76, "rr": 14.27, "labelClass": "caida_recorrido", "isNewCross": false, "trendBias": -1, "poc": 2276.9, "vah": 2326.76, "val": 1894.64, "clsRsi": 40.7967032967033, "clsAccel": -4.5, "clsGreen": 2, "scenario": "Precio bajo VAL (1.0% bajo el VA). 🛡️ LONG seguro: cerca del VAL con giro confirmado (mayor probabilidad de acierto). Sesgo alcista hacia el PoC. ⚠️ Contra tendencia bajista (EMA200).", "sym": "BA.", "tf": "1d", "sector": "Defensa", "bt": {"total": 5, "wr": 100, "avgPnl": 7.92, "totalPnl": 39.58, "avgRR": 5.3}}, "OKLO|1d": {"signal": "LONG", "entry": 53.244998931884766, "stop": 50.05029899597168, "target": 69.36431968688964, "target2": 73.83535980224609, "rr": 5.05, "labelClass": "caida_recorrido", "isNewCross": false, "trendBias": -1, "poc": 69.36431968688964, "vah": 73.83535980224609, "val": 58.50607940673828, "clsRsi": 48.6972569307737, "clsAccel": 1.3449935913085938, "clsGreen": 1, "scenario": "Precio bajo VAL (9.0% bajo el VA). 💎 LONG pelotazo: muy caído + gran recorrido al PoC + giro. Alto PnL/op con buena probabilidad. Sesgo alcista hacia el PoC. ⚠️ Contra tendencia bajista (EMA200).", "sym": "OKLO", "tf": "1d", "sector": "Nuclear SMR", "bt": {"total": 5, "wr": 80, "avgPnl": 19.98, "totalPnl": 99.91, "avgRR": 4.0}}, "GOOGL|1d": {"signal": "RANGE_LONG", "entry": 357.9750061035156, "stop": 352.53020626068115, "target": 366.26859985351564, "target2": 374.10959716796873, "rr": 1.52, "labelClass": "empuje_favor", "isNewCross": false, "trendBias": 1, "poc": 366.26859985351564, "vah": 374.10959716796873, "val": 336.4728100585937, "clsRsi": 50.97499978546833, "clsAccel": -3.114990234375, "clsGreen": 3, "scenario": "Dentro del VA bajo el PoC. Sesgo alcista hacia el PoC.", "sym": "GOOGL", "tf": "1d", "sector": "IA/Tech", "bt": {"total": 5, "wr": 100, "avgPnl": 6.03, "totalPnl": 30.14, "avgRR": 3.64}}, "ASM|1d": {"signal": "RANGE_LONG", "entry": 6.545000076293945, "stop": 6.20466007232666, "target": 6.819999694824219, "target2": 7.313199653625488, "rr": 0.81, "labelClass": "empuje_favor", "isNewCross": false, "trendBias": 1, "poc": 6.819999694824219, "vah": 7.313199653625488, "val": 5.888399772644043, "clsRsi": 64.45047589901922, "clsAccel": 0.13499975204467773, "clsGreen": 5, "scenario": "Dentro del VA bajo el PoC. ⭐ Range premium: momentum/empuje que favorece llegar al PoC (WR muy alto). Sesgo alcista hacia el PoC.", "sym": "ASM", "tf": "1d", "sector": "Plata", "bt": {"total": 11, "wr": 73, "avgPnl": 12.53, "totalPnl": 137.84, "avgRR": 4.69}}, "PLG|1d": {"signal": "LONG", "entry": 1.4198999404907227, "stop": 1.3986014413833618, "target": 1.7287999868392945, "target2": 1.9211999893188476, "rr": 14.5, "labelClass": "caida_recorrido", "isNewCross": false, "trendBias": -1, "poc": 1.7287999868392945, "vah": 1.9211999893188476, "val": 1.565999984741211, "clsRsi": 56.93845578352163, "clsAccel": 0.09989988803863525, "clsGreen": 1, "scenario": "Precio bajo VAL (9.3% bajo el VA). 💎 LONG pelotazo: muy caído + gran recorrido al PoC + giro. Alto PnL/op con buena probabilidad. Sesgo alcista hacia el PoC. ⚠️ Contra tendencia bajista (EMA200).", "sym": "PLG", "tf": "1d", "sector": "Platino/PGM", "bt": {"total": 6, "wr": 50, "avgPnl": 4.81, "totalPnl": 28.83, "avgRR": 7.77}}, "USAS|1d": {"signal": "LONG", "entry": 4.889999866485596, "stop": 4.67322617240429, "target": 5.868399991989135, "target2": 6.537200088500977, "rr": 4.51, "labelClass": "caida_recorrido", "isNewCross": false, "trendBias": -1, "poc": 5.868399991989135, "vah": 6.537200088500977, "val": 4.9563998603820805, "clsRsi": 54.99999552965138, "clsAccel": 0.1400003433227539, "clsGreen": 2, "scenario": "Precio bajo VAL (1.3% bajo el VA). 🛡️ LONG seguro: cerca del VAL con giro confirmado (mayor probabilidad de acierto). Sesgo alcista hacia el PoC. ⚠️ Contra tendencia bajista (EMA200).", "sym": "USAS", "tf": "1d", "sector": "Plata", "bt": {"total": 3, "wr": 67, "avgPnl": 17.04, "totalPnl": 51.12, "avgRR": 7.13}}, "NMG|1d": {"signal": "LONG", "entry": 1.5, "stop": 1.476405, "target": 1.9050000309944153, "target2": 2.2260000467300416, "rr": 17.16, "labelClass": "caida_recorrido", "isNewCross": false, "trendBias": -1, "poc": 1.9050000309944153, "vah": 2.2260000467300416, "val": 1.7980000257492066, "clsRsi": 62.74509483096945, "clsAccel": 0.009999990463256836, "clsGreen": 0, "scenario": "Precio bajo VAL (16.6% bajo el VA). 💎 LONG pelotazo: muy caído + gran recorrido al PoC + giro. Alto PnL/op con buena probabilidad. Sesgo alcista hacia el PoC. ⚠️ Contra tendencia bajista (EMA200).", "sym": "NMG", "tf": "1d", "sector": "Grafito", "bt": {"total": 6, "wr": 67, "avgPnl": 3.48, "totalPnl": 20.87, "avgRR": 2.76}}, "REMX|1d": {"signal": "RANGE_LONG", "entry": 88.7074966430664, "stop": 87.37688419342041, "target": 97.1428028869629, "target2": 101.94520294189454, "rr": 6.34, "labelClass": "empuje_favor", "isNewCross": false, "trendBias": 1, "poc": 97.1428028869629, "vah": 101.94520294189454, "val": 87.0044027709961, "clsRsi": 56.37075855652477, "clsAccel": -1.912506103515625, "clsGreen": 2, "scenario": "Dentro del VA bajo el PoC. Sesgo alcista hacia el PoC.", "sym": "REMX", "tf": "1d", "sector": "Tierras raras (ETF)", "bt": {"total": 6, "wr": 50, "avgPnl": 3.34, "totalPnl": 20.02, "avgRR": 6.76}}, "DPRO|1d": {"signal": "LONG", "entry": 5.539999961853027, "stop": 5.242557363901138, "target": 7.666199760437012, "target2": 8.279999732971191, "rr": 7.15, "labelClass": "caida_recorrido", "isNewCross": false, "trendBias": -1, "poc": 7.666199760437012, "vah": 8.279999732971191, "val": 5.961199836730957, "clsRsi": 47.068146902107834, "clsAccel": -0.16000032424926758, "clsGreen": 4, "scenario": "Precio bajo VAL (7.1% bajo el VA). Sesgo alcista hacia el PoC. ⚠️ Contra tendencia bajista (EMA200).", "sym": "DPRO", "tf": "1d", "sector": "Drones", "bt": {"total": 11, "wr": 55, "avgPnl": 12.94, "totalPnl": 142.3, "avgRR": 6.56}}, "UMAC|1d": {"signal": "RANGE_LONG", "entry": 22.610000610351562, "stop": 21.25340057373047, "target": 24.92166019439697, "target2": 27.199880294799804, "rr": 1.7, "labelClass": "empuje_favor", "isNewCross": false, "trendBias": 1, "poc": 24.92166019439697, "vah": 27.199880294799804, "val": 18.086999893188477, "clsRsi": 49.25834426797472, "clsAccel": -2.759998321533203, "clsGreen": 4, "scenario": "Dentro del VA bajo el PoC. Sesgo alcista hacia el PoC.", "sym": "UMAC", "tf": "1d", "sector": "Drones", "bt": {"total": 9, "wr": 56, "avgPnl": 9.07, "totalPnl": 81.61, "avgRR": 5.84}}, "TXN|1d": {"signal": "RANGE_LONG", "entry": 299.5299987792969, "stop": 292.7935691067505, "target": 307.1865979003906, "target2": 322.0995983886719, "rr": 1.14, "labelClass": "empuje_favor", "isNewCross": false, "trendBias": 1, "poc": 307.1865979003906, "vah": 322.0995983886719, "val": 268.41279663085936, "clsRsi": 55.78064802222785, "clsAccel": -11.1300048828125, "clsGreen": 3, "scenario": "Dentro del VA bajo el PoC. Sesgo alcista hacia el PoC.", "sym": "TXN", "tf": "1d", "sector": "Semis", "bt": {"total": 7, "wr": 71, "avgPnl": 2.1, "totalPnl": 14.69, "avgRR": 2.92}}, "LAES|1d": {"signal": "RANGE_SHORT", "entry": 3.140000104904175, "stop": 3.3155261107683183, "target": 3.112800064086914, "target2": 3.016800060272217, "rr": 0.15, "labelClass": "corto_favor", "isNewCross": false, "trendBias": -1, "poc": 3.112800064086914, "vah": 3.4776000785827637, "val": 3.016800060272217, "clsRsi": 53.048784654101915, "clsAccel": 0.04999995231628418, "clsGreen": 0, "scenario": "Dentro del VA sobre el PoC. 🛡️ Range con contexto favorable (sobreventa/tendencia) — el resto de RANGE_SHORT pierde de media. Sesgo bajista hacia el PoC.", "sym": "LAES", "tf": "1d", "sector": "Cuántica/Cripto", "bt": {"total": 11, "wr": 73, "avgPnl": 11.81, "totalPnl": 129.86, "avgRR": 5.98}}, "SOUN|1d": {"signal": "LONG", "entry": 6.679999828338623, "stop": 6.3821386359930035, "target": 8.211900014877319, "target2": 9.726200065612794, "rr": 5.14,