{"RTX|1d": {"signal": "SHORT", "entry": 187.3300018310547, "stop": 190.6907020639038, "target": 175.92579864501954, "target2": 173.58679870605468, "rr": 3.39, "labelClass": "corto_estrecho", "isNewCross": false, "trendBias": 1, "poc": 175.92579864501954, "vah": 184.81399841308593, "val": 173.58679870605468, "clsRsi": 59.89499615656955, "clsAccel": -2.0600128173828125, "clsGreen": 0, "scenario": "Precio sobre VAH (1.4% sobre el VA). 🛡️ SHORT seguro: cerca del borde con giro/contexto bajista (mayor probabilidad). Sesgo bajista hacia el PoC. ⚠️ Contra tendencia alcista (EMA200).", "sym": "RTX", "tf": "1d", "sector": "Defensa", "bt": {"total": 5, "wr": 80, "avgPnl": 8.64, "totalPnl": 43.19, "avgRR": 7.61}}, "QBTS|1d": {"signal": "RANGE_LONG", "entry": 23.829999923706055, "stop": 22.71475592727661, "target": 24.11599998474121, "target2": 28.57639953613281, "rr": 0.26, "labelClass": "empuje_favor", "isNewCross": false, "trendBias": 1, "poc": 24.11599998474121, "vah": 28.57639953613281, "val": 22.629200134277344, "clsRsi": 44.25947252509499, "clsAccel": 0.2199993133544922, "clsGreen": 2, "scenario": "Dentro del VA bajo el PoC. ⭐ Range premium: momentum/empuje que favorece llegar al PoC (WR muy alto). Sesgo alcista hacia el PoC.", "sym": "QBTS", "tf": "1d", "sector": "Cuántica", "bt": {"total": 9, "wr": 78, "avgPnl": 20.13, "totalPnl": 181.21, "avgRR": 6.94}}, "RKLB|1d": {"signal": "RANGE_LONG", "entry": 98.01000213623047, "stop": 93.63973614097596, "target": 106.97999999999999, "target2": 125.44, "rr": 2.05, "labelClass": "empuje_favor", "isNewCross": true, "trendBias": 1, "poc": 106.97999999999999, "vah": 125.44, "val": 91.36, "clsRsi": 41.32653130302539, "clsAccel": 9.620002746582031, "clsGreen": 2, "scenario": "Dentro del VA bajo el PoC. ⭐ Range premium: momentum/empuje que favorece llegar al PoC (WR muy alto). Sesgo alcista hacia el PoC.", "sym": "RKLB", "tf": "1d", "sector": "Espacio", "bt": {"total": 2, "wr": 100, "avgPnl": 32.46, "totalPnl": 64.92, "avgRR": 7.3}}, "ASTS|1d": {"signal": "RANGE_LONG", "entry": 86.7699966430664, "stop": 81.863153332901, "target": 87.56760101318359, "target2": 97.38720092773437, "rr": 0.16, "labelClass": "empuje_favor", "isNewCross": false, "trendBias": 1, "poc": 87.56760101318359, "vah": 97.38720092773437, "val": 63.720001220703125, "clsRsi": 46.879054664198975, "clsAccel": 9.490005493164062, "clsGreen": 2, "scenario": "Dentro del VA bajo el PoC. ⭐ Range premium: momentum/empuje que favorece llegar al PoC (WR muy alto). Sesgo alcista hacia el PoC.", "sym": "ASTS", "tf": "1d", "sector": "Espacio/Satélite", "bt": {"total": 5, "wr": 60, "avgPnl": 19.38, "totalPnl": 96.9, "avgRR": 3.91}}, "OKLO|1d": {"signal": "LONG", "entry": 52.7599983215332, "stop": 49.59439842224121, "target": 69.36431968688964, "target2": 73.83535980224609, "rr": 5.25, "labelClass": "caida_recorrido", "isNewCross": false, "trendBias": -1, "poc": 69.36431968688964, "vah": 73.83535980224609, "val": 58.50607940673828, "clsRsi": 40.72628784988864, "clsAccel": 3.7699966430664062, "clsGreen": 1, "scenario": "Precio bajo VAL (9.8% bajo el VA). 💎 LONG pelotazo: muy caído + gran recorrido al PoC + giro. Alto PnL/op con buena probabilidad. Sesgo alcista hacia el PoC. ⚠️ Contra tendencia bajista (EMA200).", "sym": "OKLO", "tf": "1d", "sector": "Nuclear SMR", "bt": {"total": 5, "wr": 80, "avgPnl": 19.98, "totalPnl": 99.91, "avgRR": 4.0}}, "SVM|1d": {"signal": "RANGE_LONG", "entry": 10.920000076293945, "stop": 10.616205674171448, "target": 12.392300395965576, "target2": 12.76760040283203, "rr": 4.85, "labelClass": "empuje_favor", "isNewCross": false, "trendBias": 1, "poc": 12.392300395965576, "vah": 12.76760040283203, "val": 10.5158003616333, "clsRsi": 51.878613832022175, "clsAccel": -0.21000003814697266, "clsGreen": 3, "scenario": "Dentro del VA bajo el PoC. Sesgo alcista hacia el PoC.", "sym": "SVM", "tf": "1d", "sector": "Plata", "bt": {"total": 6, "wr": 50, "avgPnl": 3.79, "totalPnl": 22.77, "avgRR": 7.79}}, "ASM|1d": {"signal": "RANGE_LONG", "entry": 6.269999980926514, "stop": 5.943959981918335, "target": 6.819999694824219, "target2": 7.313199653625488, "rr": 1.69, "labelClass": "empuje_favor", "isNewCross": false, "trendBias": 1, "poc": 6.819999694824219, "vah": 7.313199653625488, "val": 5.888399772644043, "clsRsi": 53.708439554607246, "clsAccel": -0.1700000762939453, "clsGreen": 3, "scenario": "Dentro del VA bajo el PoC. Sesgo alcista hacia el PoC.", "sym": "ASM", "tf": "1d", "sector": "Plata", "bt": {"total": 11, "wr": 73, "avgPnl": 12.53, "totalPnl": 137.84, "avgRR": 4.69}}, "PLG|1d": {"signal": "LONG", "entry": 1.3799999952316284, "stop": 1.359299995303154, "target": 1.7287999868392945, "target2": 1.9211999893188476, "rr": 16.85, "labelClass": "caida_giro", "isNewCross": false, "trendBias": -1, "poc": 1.7287999868392945, "vah": 1.9211999893188476, "val": 1.565999984741211, "clsRsi": 48.571430031134064, "clsAccel": 0.03999984264373779, "clsGreen": 2, "scenario": "Precio bajo VAL (11.9% bajo el VA). 💎 LONG pelotazo: muy caído + gran recorrido al PoC + giro. Alto PnL/op con buena probabilidad. Sesgo alcista hacia el PoC. ⚠️ Contra tendencia bajista (EMA200).", "sym": "PLG", "tf": "1d", "sector": "Platino/PGM", "bt": {"total": 6, "wr": 50, "avgPnl": 4.81, "totalPnl": 28.83, "avgRR": 7.77}}, "EU|1d": {"signal": "LONG", "entry": 1.3300000429153442, "stop": 1.2627419407451153, "target": 1.646400022506714, "target2": 1.9592000484466552, "rr": 4.7, "labelClass": "caida_recorrido", "isNewCross": false, "trendBias": -1, "poc": 1.646400022506714, "vah": 1.9592000484466552, "val": 1.4808000087738038, "clsRsi": 48.91304432331742, "clsAccel": -0.039999961853027344, "clsGreen": 0, "scenario": "Precio bajo VAL (10.2% bajo el VA). Sesgo alcista hacia el PoC. ⚠️ Contra tendencia bajista (EMA200).", "sym": "EU", "tf": "1d", "sector": "Uranio/Tierras raras", "bt": {"total": 3, "wr": 33, "avgPnl": -3.24, "totalPnl": -9.73, "avgRR": 1.53}}, "NMG|1d": {"signal": "LONG", "entry": 1.5099999904632568, "stop": 1.4862476906132698, "target": 1.9050000309944153, "target2": 2.183200044631958, "rr": 16.63, "labelClass": "caida_recorrido", "isNewCross": false, "trendBias": -1, "poc": 1.9050000309944153, "vah": 2.183200044631958, "val": 1.7980000257492066, "clsRsi": 50.0, "clsAccel": 0.07999992370605469, "clsGreen": 1, "scenario": "Precio bajo VAL (16.0% bajo el VA). 💎 LONG pelotazo: muy caído + gran recorrido al PoC + giro. Alto PnL/op con buena probabilidad. Sesgo alcista hacia el PoC. ⚠️ Contra tendencia bajista (EMA200).", "sym": "NMG", "tf": "1d", "sector": "Grafito", "bt": {"total": 6, "wr": 67, "avgPnl": 3.48, "totalPnl": 20.87, "avgRR": 2.76}}, "TPL|1d": {"signal": "SHORT", "entry": 419.9800109863281, "stop": 426.279711151123, "target": 397.39479370117186, "target2": 369.7359924316406, "rr": 3.59, "labelClass": "corto_estrecho", "isNewCross": true, "trendBias": 1, "poc": 397.39479370117186, "vah": 408.0327941894531, "val": 369.7359924316406, "clsRsi": 59.46933175783673, "clsAccel": 19.44000244140625, "clsGreen": 6, "scenario": "Precio sobre VAH (2.9% sobre el VA). 🛡️ SHORT seguro: cerca del borde con giro/contexto bajista (mayor probabilidad). Sesgo bajista hacia el PoC. ⚠️ Contra tendencia alcista (EMA200).", "sym": "TPL", "tf": "1d", "sector": "Petróleo/Royalty", "bt": {"total": 14, "wr": 50, "avgPnl": 4.52, "totalPnl": 63.26, "avgRR": 6.74}}, "MRCY|1d": {"signal": "RANGE_LONG", "entry": 110.22000122070312, "stop": 107.62652459197999, "target": 110.48579803466797, "target2": 122.16999816894531, "rr": 0.1, "labelClass": "empuje_favor", "isNewCross": false, "trendBias": 1, "poc": 110.48579803466797, "vah": 122.16999816894531, "val": 83.93079772949218, "clsRsi": 49.18662329209163, "clsAccel": -2.9699935913085938, "clsGreen": 3, "scenario": "Dentro del VA bajo el PoC. Sesgo alcista hacia el PoC.", "sym": "MRCY", "tf": "1d", "sector": "Defensa/Electrónica", "bt": {"total": 4, "wr": 100, "avgPnl": 4.44, "totalPnl": 17.75, "avgRR": 2.02}}, "BKSY|1d": {"signal": "RANGE_LONG",