{"AMD|1d": {"signal": "SHORT", "entry": 495.760009765625, "stop": 510.6476828588867, "target": 196.15020080566407, "target2": 188.22000122070312, "rr": 20.12, "labelClass": "corto_extendido", "isNewCross": false, "trendBias": 1, "poc": 196.15020080566407, "vah": 473.7071862792969, "val": 188.22000122070312, "clsRsi": 46.01518400131724, "clsAccel": 23.02001953125, "clsGreen": 0, "scenario": "Precio sobre VAH (4.7% sobre el VA). Sesgo bajista hacia el PoC. ⚠️ Contra tendencia alcista (EMA200).", "sym": "AMD", "tf": "1d", "sector": "Semis", "bt": {"total": 4, "wr": 50, "avgPnl": -0.06, "totalPnl": -0.23, "avgRR": 3.94}}, "SMR|1d": {"signal": "LONG", "entry": 7.71999979019165, "stop": 7.6041997933387755, "target": 10.187800102233886, "target2": 11.747600135803221, "rr": 21.31, "labelClass": "caida_recorrido", "isNewCross": false, "trendBias": -1, "poc": 10.187800102233886, "vah": 11.747600135803221, "val": 8.628000068664551, "clsRsi": 21.394219334351277, "clsAccel": 0.7999997138977051, "clsGreen": 1, "scenario": "Precio bajo VAL (10.5% bajo el VA). 💎 LONG pelotazo: muy caído + gran recorrido al PoC + giro. Alto PnL/op con buena probabilidad. Sesgo alcista hacia el PoC. ⚠️ Contra tendencia bajista (EMA200).", "sym": "SMR", "tf": "1d", "sector": "Nuclear SMR", "bt": {"total": 5, "wr": 80, "avgPnl": 13.13, "totalPnl": 65.66, "avgRR": 5.48}}, "EU|1d": {"signal": "LONG", "entry": 1.149999976158142, "stop": 1.088704977428913, "target": 1.3312999963760377, "target2": 1.848800039291382, "rr": 2.96, "labelClass": "caida_recorrido", "isNewCross": false, "trendBias": -1, "poc": 1.3312999963760377, "vah": 1.848800039291382, "val": 1.2691999912261962, "clsRsi": 32.14286626601023, "clsAccel": 0.010000109672546387, "clsGreen": 0, "scenario": "Precio bajo VAL (9.4% bajo el VA). 💎 LONG pelotazo: muy caído + gran recorrido al PoC + giro. Alto PnL/op con buena probabilidad. Sesgo alcista hacia el PoC. ⚠️ Contra tendencia bajista (EMA200).", "sym": "EU", "tf": "1d", "sector": "Uranio/Tierras raras", "bt": {"total": 2, "wr": 50, "avgPnl": 13.95, "totalPnl": 27.91, "avgRR": 3.71}}, "NMG|1d": {"signal": "LONG", "entry": 1.4199999570846558, "stop": 1.3784649583399295, "target": 1.9050000309944153, "target2": 2.2688000488281252, "rr": 11.68, "labelClass": "caida_recorrido", "isNewCross": false, "trendBias": -1, "poc": 1.9050000309944153, "vah": 2.2688000488281252, "val": 1.7980000257492066, "clsRsi": 47.99998950958002, "clsAccel": 0.08000004291534424, "clsGreen": 0, "scenario": "Precio bajo VAL (21.0% bajo el VA). 💎 LONG pelotazo: muy caído + gran recorrido al PoC + giro. Alto PnL/op con buena probabilidad. Sesgo alcista hacia el PoC. ⚠️ Contra tendencia bajista (EMA200).", "sym": "NMG", "tf": "1d", "sector": "Grafito", "bt": {"total": 5, "wr": 60, "avgPnl": 3.42, "totalPnl": 17.1, "avgRR": 2.1}}, "COP|1d": {"signal": "RANGE_LONG", "entry": 114.70999908447266, "stop": 112.77140009994507, "target": 117.53220031738282, "target2": 123.16199951171875, "rr": 1.46, "labelClass": "empuje_favor", "isNewCross": false, "trendBias": 1, "poc": 117.53220031738282, "vah": 123.16199951171875, "val": 107.80800170898438, "clsRsi": 67.70537762559474, "clsAccel": 0.4900054931640625, "clsGreen": 2, "scenario": "Dentro del VA bajo el PoC. ⭐ Range premium: momentum/empuje que favorece llegar al PoC (WR muy alto). Sesgo alcista hacia el PoC.", "sym": "COP", "tf": "1d", "sector": "Petróleo", "bt": {"total": 14, "wr": 57, "avgPnl": 2.22, "totalPnl": 31.14, "avgRR": 3.75}}, "EOG|1d": {"signal": "SHORT", "entry": 139.88999938964844, "stop": 141.98834938049316, "target": 132.08400146484374, "target2": 129.50800231933593, "rr": 3.72, "labelClass": "corto_estrecho", "isNewCross": true, "trendBias": 1, "poc": 132.08400146484374, "vah": 138.33999938964843, "val": 129.50800231933593, "clsRsi": 61.96256866326169, "clsAccel": 0.4399871826171875, "clsGreen": 2, "scenario": "Precio sobre VAH (1.1% sobre el VA). Sesgo bajista hacia el PoC. ⚠️ Contra tendencia alcista (EMA200).", "sym": "EOG", "tf": "1d", "sector": "Petróleo", "bt": {"total": 15, "wr": 60, "avgPnl": 1.98, "totalPnl": 29.73, "avgRR": 3.52}}, "FTI|1d": {"signal": "SHORT", "entry": 72.06999969482422, "stop": 74.12183258613587, "target": 67.8120002746582, "target2": 64.10960083007812, "rr": 2.08, "labelClass": "corto_estrecho", "isNewCross": false, "trendBias": 1, "poc": 67.8120002746582, "vah": 70.9447998046875, "val": 64.10960083007812, "clsRsi": 75.21480052382131, "clsAccel": 0.3199920654296875, "clsGreen": 1, "scenario": "Precio sobre VAH (1.6% sobre el VA). Sesgo bajista hacia el PoC. ⚠️ Contra tendencia alcista (EMA200).", "sym": "FTI", "tf": "1d", "sector": "Servicios petróleo", "bt": {"total": 3, "wr": 67, "avgPnl": 7.59, "totalPnl": 22.76, "avgRR": 7.21}}, "TPL|1d": {"signal": "SHORT", "entry": 415.70001220703125, "stop": 426.94054053710937, "target": 397.39479370117186, "target2": 369.7359924316406, "rr": 1.63, "labelClass": "corto_estrecho", "isNewCross": false, "trendBias": 1, "poc": 397.39479370117186, "vah": 412.2879943847656, "val": 369.7359924316406, "clsRsi": 58.34241427239749, "clsAccel": -2.9599609375, "clsGreen": 0, "scenario": "Precio sobre VAH (0.8% sobre el VA). 🛡️ SHORT seguro: cerca del borde con giro/contexto bajista (mayor probabilidad). Sesgo bajista hacia el PoC. ⚠️ Contra tendencia alcista (EMA200).", "sym": "TPL", "tf": "1d", "sector": "Petróleo/Royalty", "bt": {"total": 9, "wr": 67, "avgPnl": 9.4, "totalPnl": 84.63, "avgRR": 5.81}}, "LAES|1d": {"signal": "LONG", "entry": 2.5399999618530273, "stop": 2.501899962425232, "target": 3.125, "target2": 3.528000049591064, "rr": 15.35, "labelClass": "caida_recorrido", "isNewCross": false, "trendBias": -1, "poc": 3.125, "vah": 3.528000049591064, "val": 2.969999980926514, "clsRsi": 24.107143617406265, "clsAccel": 0.309999942779541, "clsGreen": 1, "scenario": "Precio bajo VAL (14.5% bajo el VA). 💎 LONG pelotazo: muy caído + gran recorrido al PoC + giro. Alto PnL/op con buena probabilidad. Sesgo alcista hacia el PoC. ⚠️ Contra tendencia bajista (EMA200).", "sym": "LAES", "tf": "1d", "sector": "Cuántica/Cripto", "bt": {"total": 11, "wr": 73, "avgPnl": 11.81, "totalPnl": 129.89, "avgRR": 5.99}}, "BNTX|1d": {"signal": "RANGE_SHORT", "entry": 91.4800033569336, "stop": 93.76334424072266, "target": 90.77410003662109, "target2": 88.83440063476563, "rr": 0.31, "labelClass": "corto_favor", "isNewCross": false, "trendBias": -1, "poc": 90.77410003662109, "vah": 94.37639892578125, "val": 88.83440063476563, "clsRsi": 50.6711468874059, "clsAccel": 0.350006103515625, "clsGreen": 0, "scenario": "Dentro del VA sobre el PoC. 🛡️ Range con contexto favorable (sobreventa/tendencia) — el resto de RANGE_SHORT pierde de media. Sesgo bajista hacia el PoC.", "sym": "BNTX", "tf": "1d", "sector": "Biotech", "bt": {"total": 12, "wr": 58, "avgPnl": 1.38, "totalPnl": 16.59, "avgRR": 3.65}}, "MARA|1d": {"signal": "RANGE_SHORT", "entry": 10.6899995803833, "stop": 11.223644359436035, "target": 8.809399948120117, "target2": 7.050799865722656, "rr": 3.52, "labelClass": "corto_favor", "isNewCross": false, "trendBias": -1, "poc": 8.809399948120117, "vah": 12.91280014038086, "val": 7.050799865722656, "clsRsi": 24.704335921913497, "clsAccel": 0.1399993896484375, "clsGreen": 0, "scenario": "Dentro del VA sobre el PoC. 🛡️ Range con contexto favorable (sobreventa/tendencia) — el resto de RANGE_SHORT pierde de media. Sesgo bajista hacia el PoC.", "sym": "MARA", "tf": "1d", "sector": "Cripto/Minería", "bt": {"total": 4, "wr": 50, "avgPnl": -1.16, "totalPnl": -4.63, "avgRR": 1.73}}, "BITX|1d": {"signal": "RANGE_SHORT", "entry": 12.229999542236328, "stop": 12.740357423133851, "target": 11.639700107574463, "target2": 10.085000038146973, "rr": 1.16, "labelClass": "corto_favor", "isNewCross": false, "trendBias": -1, "poc": 11.639700107574463, "vah": 13.638600196838379, "val": 10.085000038146973, "clsRsi": 62.86200011924987, "clsAccel": 0.23000049591064453, "clsGreen": 0,