{"HMY|1d": {"signal": "RANGE_SHORT", "entry": 15.470000267028809, "stop": 15.928531074943542, "target": 13.910599727630615, "target2": 13.029999732971191, "rr": 3.4, "labelClass": "corto_favor", "isNewCross": false, "trendBias": -1, "poc": 13.910599727630615, "vah": 16.80399971008301, "val": 13.029999732971191, "clsRsi": 38.172041852979284, "clsAccel": 0.20000171661376953, "clsGreen": 0, "scenario": "Dentro del VA sobre el PoC. 🛡️ Range con contexto favorable (sobreventa/tendencia) — el resto de RANGE_SHORT pierde de media. Sesgo bajista hacia el PoC.", "sym": "HMY", "tf": "1d", "sector": "Oro", "bt": {"total": 7, "wr": 29, "avgPnl": 3.68, "totalPnl": 25.78, "avgRR": 9.28}}, "BTG|1d": {"signal": "RANGE_SHORT", "entry": 4.029900074005127, "stop": 4.144631329112053, "target": 3.4270000219345094, "target2": 2.363600044250488, "rr": 5.25, "labelClass": "corto_favor", "isNewCross": false, "trendBias": -1, "poc": 3.4270000219345094, "vah": 4.653999996185303, "val": 2.363600044250488, "clsRsi": 33.801231301803256, "clsAccel": -0.0700993537902832, "clsGreen": 0, "scenario": "Dentro del VA sobre el PoC. Sesgo bajista hacia el PoC.", "sym": "BTG", "tf": "1d", "sector": "Oro", "bt": {"total": 8, "wr": 50, "avgPnl": 2.47, "totalPnl": 19.76, "avgRR": 6.07}}, "PAAS|1d": {"signal": "RANGE_SHORT", "entry": 46.369998931884766, "stop": 47.56356270439148, "target": 23.073000335693358, "target2": 17.860000610351562, "rr": 19.52, "labelClass": "corto_favor", "isNewCross": false, "trendBias": -1, "poc": 23.073000335693358, "vah": 49.13799896240235, "val": 17.860000610351562, "clsRsi": 32.51484785929766, "clsAccel": -2.450000762939453, "clsGreen": 0, "scenario": "Dentro del VA sobre el PoC. Sesgo bajista hacia el PoC.", "sym": "PAAS", "tf": "1d", "sector": "Plata", "bt": {"total": 10, "wr": 80, "avgPnl": 6.3, "totalPnl": 63.04, "avgRR": 3.68}}, "HL|1d": {"signal": "LONG", "entry": 15.079999923706055, "stop": 14.660474325828552, "target": 17.764999771118163, "target2": 19.48199951171875, "rr": 6.4, "labelClass": "caida_recorrido", "isNewCross": false, "trendBias": -1, "poc": 17.764999771118163, "vah": 19.48199951171875, "val": 17.25999984741211, "clsRsi": 34.25925864604257, "clsAccel": -0.9199991226196289, "clsGreen": 0, "scenario": "Precio bajo VAL (12.6% bajo el VA). Sesgo alcista hacia el PoC. ⚠️ Contra tendencia bajista (EMA200).", "sym": "HL", "tf": "1d", "sector": "Plata", "bt": {"total": 6, "wr": 67, "avgPnl": 12.45, "totalPnl": 74.69, "avgRR": 6.9}}, "UEC|1d": {"signal": "LONG", "entry": 11.229999542236328, "stop": 10.619761367111206, "target": 14.948999996185304, "target2": 15.443999977111817, "rr": 6.09, "labelClass": "caida_recorrido", "isNewCross": false, "trendBias": -1, "poc": 14.948999996185304, "vah": 15.443999977111817, "val": 13.068000068664551, "clsRsi": 29.34249546864382, "clsAccel": 0.2999992370605469, "clsGreen": 0, "scenario": "Precio bajo VAL (14.1% bajo el VA). 💎 LONG pelotazo: muy caído + gran recorrido al PoC + giro. Alto PnL/op con buena probabilidad. Sesgo alcista hacia el PoC. ⚠️ Contra tendencia bajista (EMA200).", "sym": "UEC", "tf": "1d", "sector": "Uranio", "bt": {"total": 6, "wr": 67, "avgPnl": 18.38, "totalPnl": 110.29, "avgRR": 4.22}}, "UUUU|1d": {"signal": "LONG", "entry": 15.920000076293945, "stop": 15.292911273288727, "target": 21.005000114440918, "target2": 22.72760040283203, "rr": 8.11, "labelClass": "caida_recorrido", "isNewCross": false, "trendBias": -1, "poc": 21.005000114440918, "vah": 22.72760040283203, "val": 18.516799697875978, "clsRsi": 32.729006018521304, "clsAccel": 0.23999786376953125, "clsGreen": 0, "scenario": "Precio bajo VAL (14.0% bajo el VA). 💎 LONG pelotazo: muy caído + gran recorrido al PoC + giro. Alto PnL/op con buena probabilidad. Sesgo alcista hacia el PoC. ⚠️ Contra tendencia bajista (EMA200).", "sym": "UUUU", "tf": "1d", "sector": "Uranio", "bt": {"total": 10, "wr": 70, "avgPnl": 9.19, "totalPnl": 91.94, "avgRR": 4.68}}, "FCX|1d": {"signal": "SHORT", "entry": 63.98500061035156, "stop": 65.67356477645875, "target": 57.657201614379886, "target2": 55.4900016784668, "rr": 3.75, "labelClass": "corto_estrecho", "isNewCross": false, "trendBias": 1, "poc": 57.657201614379886, "vah": 63.539601440429685, "val": 55.4900016784668, "clsRsi": 35.51226690620403, "clsAccel": -5.754997253417969, "clsGreen": 0, "scenario": "Precio sobre VAH (0.7% sobre el VA). Sesgo bajista hacia el PoC. ⚠️ Contra tendencia alcista (EMA200).", "sym": "FCX", "tf": "1d", "sector": "Cobre", "bt": {"total": 6, "wr": 67, "avgPnl": 3.56, "totalPnl": 21.37, "avgRR": 3.45}}, "RHM|1d": {"signal": "LONG", "entry": 1185.4000244140625, "stop": 1146.412217611084, "target": 1564.9099853515625, "target2": 1658.0519921875, "rr": 9.73, "labelClass": "caida_recorrido", "isNewCross": false, "trendBias": -1, "poc": 1564.9099853515625, "vah": 1658.0519921875, "val": 1391.9319726562499, "clsRsi": 46.71916150653712, "clsAccel": 9.199951171875, "clsGreen": 0, "scenario": "Precio bajo VAL (14.8% bajo el VA). 💎 LONG pelotazo: muy caído + gran recorrido al PoC + giro. Alto PnL/op con buena probabilidad. Sesgo alcista hacia el PoC. ⚠️ Contra tendencia bajista (EMA200).", "sym": "RHM", "tf": "1d", "sector": "Defensa", "bt": {"total": 5, "wr": 80, "avgPnl": 8.48, "totalPnl": 42.38, "avgRR": 3.74}}, "AVGO|1d": {"signal": "SHORT", "entry": 381.79998779296875, "stop": 387.6567996057129, "target": 319.0228021240234, "target2": 310.17759887695314, "rr": 10.72, "labelClass": "corto_estrecho", "isNewCross": false, "trendBias": 1, "poc": 319.0228021240234, "vah": 335.44960815429687, "val": 310.17759887695314, "clsRsi": 29.341117650701605, "clsAccel": 8.889984130859375, "clsGreen": 0, "scenario": "Precio sobre VAH (13.8% sobre el VA). Sesgo bajista hacia el PoC. ⚠️ Contra tendencia alcista (EMA200).", "sym": "AVGO", "tf": "1d", "sector": "Semis", "bt": {"total": 10, "wr": 60, "avgPnl": 4.58, "totalPnl": 45.76, "avgRR": 4.71}}, "IONQ|1d": {"signal": "SHORT", "entry": 59.119998931884766, "stop": 60.00679891586304, "target": 33.25460037231446, "target2": 31.01320007324219, "rr": 29.17, "labelClass": "corto_estrecho", "isNewCross": false, "trendBias": 1, "poc": 33.25460037231446, "vah": 36.776800842285155, "val": 31.01320007324219, "clsRsi": 35.573308274888674, "clsAccel": -0.970001220703125, "clsGreen": 3, "scenario": "Precio sobre VAH (60.8% sobre el VA). Sesgo bajista hacia el PoC. ⚠️ Contra tendencia alcista (EMA200).", "sym": "IONQ", "tf": "1d", "sector": "Cuántica", "bt": {"total": 11, "wr": 64, "avgPnl": 3.43, "totalPnl": 37.74, "avgRR": 5.59}}, "IBM|1d": {"signal": "SHORT", "entry": 260.94000244140625, "stop": 264.85410247802736, "target": 228.0343975830078, "target2": 221.5719970703125, "rr": 8.41, "labelClass": "corto_estrecho", "isNewCross": false, "trendBias": -1, "poc": 228.0343975830078, "vah": 232.65039794921876, "val": 221.5719970703125, "clsRsi": 16.243217272064882, "clsAccel": 5.600006103515625, "clsGreen": 2, "scenario": "Precio sobre VAH (12.2% sobre el VA). Sesgo bajista hacia el PoC.", "sym": "IBM", "tf": "1d", "sector": "Cuántica/Tech", "bt": {"total": 8, "wr": 62, "avgPnl": 3.66, "totalPnl": 29.24, "avgRR": 4.61}}, "KTOS|1d": {"signal": "LONG", "entry": 51.54499816894531, "stop": 49.320316047973634, "target": 89.53639991760254, "target2": 101.06399993896484, "rr": 17.08, "labelClass": "caida_recorrido", "isNewCross": false, "trendBias": -1, "poc": 89.53639991760254, "vah": 101.06399993896484, "val": 61.540799865722654, "clsRsi": 30.775532547143314, "clsAccel": 3.5749969482421875, "clsGreen": 1, "scenario": "Precio bajo VAL (16.2% bajo el VA). 💎 LONG pelotazo: muy caído + gran recorrido al PoC + giro. Alto PnL/op con buena probabilidad. Sesgo alcista hacia el PoC. ⚠️ Contra tendencia bajista (EMA200).", "sym": "KTOS", "tf": "1d", "sector": "Drones/Defensa", "bt": {"total": 4, "wr": 50, "avgPnl": 3.64, "totalPnl": 14.54, "avgRR": 1.71}}, "RKLB|1d": {"signal": "SHORT", "entry": 97.89009857177734, "stop": 102.25501806709289, "target": 71.90859870910644,