{"CDE|1d": {"signal": "LONG", "entry": 16.020000457763672, "stop": 15.779700450897217, "target": 18.057199478149414, "target2": 19.194799423217773, "rr": 8.48, "labelClass": "caida_recorrido", "isNewCross": false, "trendBias": -1, "poc": 18.057199478149414, "vah": 19.194799423217773, "val": 16.413999557495117, "clsRsi": 48.04031148091413, "clsAccel": -0.48999881744384766, "clsGreen": 2, "scenario": "Precio bajo VAL (2.4% bajo el VA). 🛡️ LONG seguro: cerca del VAL con giro confirmado (mayor probabilidad de acierto). Sesgo alcista hacia el PoC. ⚠️ Contra tendencia bajista (EMA200).", "sym": "CDE", "tf": "1d", "sector": "Plata", "bt": {"total": 11, "wr": 73, "avgPnl": 2.47, "totalPnl": 27.14, "avgRR": 2.63}}, "RTX|1d": {"signal": "SHORT", "entry": 187.99000549316406, "stop": 191.36254619171143, "target": 175.92579864501954, "target2": 173.58679870605468, "rr": 3.58, "labelClass": "corto_estrecho", "isNewCross": false, "trendBias": 1, "poc": 175.92579864501954, "vah": 184.81399841308593, "val": 173.58679870605468, "clsRsi": 57.69568855436764, "clsAccel": -0.1299896240234375, "clsGreen": 2, "scenario": "Precio sobre VAH (1.7% sobre el VA). 🛡️ SHORT seguro: cerca del borde con giro/contexto bajista (mayor probabilidad). Sesgo bajista hacia el PoC. ⚠️ Contra tendencia alcista (EMA200).", "sym": "RTX", "tf": "1d", "sector": "Defensa", "bt": {"total": 5, "wr": 80, "avgPnl": 8.64, "totalPnl": 43.19, "avgRR": 7.61}}, "OKLO|1d": {"signal": "LONG", "entry": 50.0, "stop": 47.0, "target": 69.36431968688964, "target2": 73.83535980224609, "rr": 6.45, "labelClass": "caida_recorrido", "isNewCross": false, "trendBias": -1, "poc": 69.36431968688964, "vah": 73.83535980224609, "val": 58.50607940673828, "clsRsi": 37.121932255769146, "clsAccel": 2.0400047302246094, "clsGreen": 0, "scenario": "Precio bajo VAL (14.5% bajo el VA). 💎 LONG pelotazo: muy caído + gran recorrido al PoC + giro. Alto PnL/op con buena probabilidad. Sesgo alcista hacia el PoC. ⚠️ Contra tendencia bajista (EMA200).", "sym": "OKLO", "tf": "1d", "sector": "Nuclear SMR", "bt": {"total": 5, "wr": 80, "avgPnl": 19.98, "totalPnl": 99.91, "avgRR": 4.0}}, "SVM|1d": {"signal": "RANGE_LONG", "entry": 10.869999885559082, "stop": 10.567596488742828, "target": 12.392300395965576, "target2": 12.76760040283203, "rr": 5.03, "labelClass": "empuje_favor", "isNewCross": false, "trendBias": 1, "poc": 12.392300395965576, "vah": 12.76760040283203, "val": 10.5158003616333, "clsRsi": 51.66908199521363, "clsAccel": 0.05000019073486328, "clsGreen": 2, "scenario": "Dentro del VA bajo el PoC. ⭐ Range premium: momentum/empuje que favorece llegar al PoC (WR muy alto). Sesgo alcista hacia el PoC.", "sym": "SVM", "tf": "1d", "sector": "Plata", "bt": {"total": 6, "wr": 50, "avgPnl": 3.79, "totalPnl": 22.77, "avgRR": 7.79}}, "PLG|1d": {"signal": "LONG", "entry": 1.3200000524520874, "stop": 1.300200051665306, "target": 1.7287999868392945, "target2": 1.891599988937378, "rr": 20.65, "labelClass": "caida_recorrido", "isNewCross": false, "trendBias": -1, "poc": 1.7287999868392945, "vah": 1.891599988937378, "val": 1.565999984741211, "clsRsi": 43.076930695030406, "clsAccel": 0.040000200271606445, "clsGreen": 1, "scenario": "Precio bajo VAL (15.7% bajo el VA). 💎 LONG pelotazo: muy caído + gran recorrido al PoC + giro. Alto PnL/op con buena probabilidad. Sesgo alcista hacia el PoC. ⚠️ Contra tendencia bajista (EMA200).", "sym": "PLG", "tf": "1d", "sector": "Platino/PGM", "bt": {"total": 6, "wr": 50, "avgPnl": 4.81, "totalPnl": 28.83, "avgRR": 7.77}}, "EU|1d": {"signal": "LONG", "entry": 1.350000023841858, "stop": 1.2817305226361753, "target": 1.646400022506714, "target2": 1.9592000484466552, "rr": 4.34, "labelClass": "caida_recorrido", "isNewCross": false, "trendBias": -1, "poc": 1.646400022506714, "vah": 1.9592000484466552, "val": 1.4808000087738038, "clsRsi": 48.38709801466506, "clsAccel": 0.07999992370605469, "clsGreen": 1, "scenario": "Precio bajo VAL (8.8% bajo el VA). 💎 LONG pelotazo: muy caído + gran recorrido al PoC + giro. Alto PnL/op con buena probabilidad. Sesgo alcista hacia el PoC. ⚠️ Contra tendencia bajista (EMA200).", "sym": "EU", "tf": "1d", "sector": "Uranio/Tierras raras", "bt": {"total": 3, "wr": 67, "avgPnl": 7.58, "totalPnl": 22.73, "avgRR": 2.27}}, "NNE|1d": {"signal": "LONG", "entry": 19.8700008392334, "stop": 19.265555413703918, "target": 26.272800216674803, "target2": 28.0452001953125, "rr": 10.59, "labelClass": "caida_recorrido", "isNewCross": false, "trendBias": -1, "poc": 26.272800216674803, "vah": 28.0452001953125, "val": 22.474800262451172, "clsRsi": 42.095117382862306, "clsAccel": 1.720001220703125, "clsGreen": 0, "scenario": "Precio bajo VAL (11.6% bajo el VA). 💎 LONG pelotazo: muy caído + gran recorrido al PoC + giro. Alto PnL/op con buena probabilidad. Sesgo alcista hacia el PoC. ⚠️ Contra tendencia bajista (EMA200).", "sym": "NNE", "tf": "1d", "sector": "Nuclear SMR", "bt": {"total": 9, "wr": 56, "avgPnl": 5.76, "totalPnl": 51.85, "avgRR": 6.9}}, "NMG|1d": {"signal": "LONG", "entry": 1.440000057220459, "stop": 1.417348856320381, "target": 1.9050000309944153, "target2": 2.183200044631958, "rr": 20.53, "labelClass": "caida_recorrido", "isNewCross": false, "trendBias": -1, "poc": 1.9050000309944153, "vah": 2.183200044631958, "val": 1.7980000257492066, "clsRsi": 40.983617129550375, "clsAccel": -0.03000009059906006, "clsGreen": 0, "scenario": "Precio bajo VAL (19.9% bajo el VA). Sesgo alcista hacia el PoC. ⚠️ Contra tendencia bajista (EMA200).", "sym": "NMG", "tf": "1d", "sector": "Grafito", "bt": {"total": 6, "wr": 67, "avgPnl": 3.48, "totalPnl": 20.87, "avgRR": 2.76}}, "TPL|1d": {"signal": "RANGE_LONG", "entry": 395.7900085449219, "stop": 385.0878467138672, "target": 397.39479370117186, "target2": 408.0327941894531, "rr": 0.15, "labelClass": "empuje_favor", "isNewCross": false, "trendBias": 1, "poc": 397.39479370117186, "vah": 408.0327941894531, "val": 369.7359924316406, "clsRsi": 52.77674834814206, "clsAccel": -8.730010986328125, "clsGreen": 6, "scenario": "Dentro del VA bajo el PoC. Sesgo alcista hacia el PoC.", "sym": "TPL", "tf": "1d", "sector": "Petróleo/Royalty", "bt": {"total": 14, "wr": 50, "avgPnl": 4.52, "totalPnl": 63.26, "avgRR": 6.74}}, "MRCY|1d": {"signal": "RANGE_LONG", "entry": 109.37999725341797, "stop": 106.80628591804505, "target": 110.48579803466797, "target2": 122.16999816894531, "rr": 0.43, "labelClass": "empuje_favor", "isNewCross": false, "trendBias": 1, "poc": 110.48579803466797, "vah": 122.16999816894531, "val": 83.93079772949218, "clsRsi": 47.840000697544646, "clsAccel": 3.2399978637695312, "clsGreen": 2, "scenario": "Dentro del VA bajo el PoC. ⭐ Range premium: momentum/empuje que favorece llegar al PoC (WR muy alto). Sesgo alcista hacia el PoC.", "sym": "MRCY", "tf": "1d", "sector": "Defensa/Electrónica", "bt": {"total": 4, "wr": 100, "avgPnl": 4.44, "totalPnl": 17.75, "avgRR": 2.02}}, "PL|1d": {"signal": "RANGE_LONG", "entry": 27.06999969482422, "stop": 25.817200108947755, "target": 27.945999145507812, "target2": 35.88399887084961, "rr": 0.7, "labelClass": "empuje_favor", "isNewCross": false, "trendBias": 1, "poc": 27.945999145507812, "vah": 35.88399887084961, "val": 25.299999237060547, "clsRsi": 33.650792766560684, "clsAccel": 0.34999847412109375, "clsGreen": 2, "scenario": "Dentro del VA bajo el PoC. ⭐ Range premium: momentum/empuje que favorece llegar al PoC (WR muy alto). Sesgo alcista hacia el PoC.", "sym": "PL", "tf": "1d", "sector": "Espacio/Satélite", "bt": {"total": 4, "wr": 100, "avgPnl": 21.51, "totalPnl": 86.05, "avgRR": 4.46}}, "DPRO|1d": {"signal": "LONG", "entry": 5.019999980926514, "stop": 4.750476181950569, "target": 7.666199760437012, "target2": 8.279999732971191, "rr": 9.82, "labelClass": "caida_recorrido", "isNewCross": false, "trendBias": -1, "poc": 7.666199760437012, "vah": 8.279999732971191, "val": 6.233999824523925, "clsRsi": 32.23495472984854, "clsAccel": 0.2799997329711914, "clsGreen": 1,