{"BA.|1d": {"signal": "LONG", "entry": 1873.5, "stop": 1845.3975, "target": 2276.9, "target2": 2326.76, "rr": 14.35, "labelClass": "caida_recorrido", "isNewCross": false, "trendBias": -1, "poc": 2276.9, "vah": 2326.76, "val": 1894.64, "clsRsi": 40.469613259668506, "clsAccel": -6.5, "clsGreen": 2, "scenario": "Precio bajo VAL (1.1% bajo el VA). 🛡️ LONG seguro: cerca del VAL con giro confirmado (mayor probabilidad de acierto). Sesgo alcista hacia el PoC. ⚠️ Contra tendencia bajista (EMA200).", "sym": "BA.", "tf": "1d", "sector": "Defensa", "bt": {"total": 5, "wr": 100, "avgPnl": 7.92, "totalPnl": 39.58, "avgRR": 5.3}}, "OKLO|1d": {"signal": "LONG", "entry": 52.86000061035156, "stop": 49.68840057373047, "target": 69.36431968688964, "target2": 73.83535980224609, "rr": 5.2, "labelClass": "caida_recorrido", "isNewCross": false, "trendBias": -1, "poc": 69.36431968688964, "vah": 73.83535980224609, "val": 58.50607940673828, "clsRsi": 48.024522691675294, "clsAccel": 0.9599952697753906, "clsGreen": 1, "scenario": "Precio bajo VAL (9.7% bajo el VA). 💎 LONG pelotazo: muy caído + gran recorrido al PoC + giro. Alto PnL/op con buena probabilidad. Sesgo alcista hacia el PoC. ⚠️ Contra tendencia bajista (EMA200).", "sym": "OKLO", "tf": "1d", "sector": "Nuclear SMR", "bt": {"total": 5, "wr": 80, "avgPnl": 19.98, "totalPnl": 99.91, "avgRR": 4.0}}, "GOOGL|1d": {"signal": "RANGE_LONG", "entry": 357.4849853515625, "stop": 352.04763872436524, "target": 366.26859985351564, "target2": 374.10959716796873, "rr": 1.62, "labelClass": "empuje_favor", "isNewCross": false, "trendBias": 1, "poc": 366.26859985351564, "vah": 374.10959716796873, "val": 336.4728100585937, "clsRsi": 50.67952856392163, "clsAccel": -3.605010986328125, "clsGreen": 3, "scenario": "Dentro del VA bajo el PoC. Sesgo alcista hacia el PoC.", "sym": "GOOGL", "tf": "1d", "sector": "IA/Tech", "bt": {"total": 5, "wr": 100, "avgPnl": 6.03, "totalPnl": 30.14, "avgRR": 3.64}}, "ASM|1d": {"signal": "RANGE_LONG", "entry": 6.525000095367432, "stop": 6.185700090408325, "target": 6.819999694824219, "target2": 7.313199653625488, "rr": 0.87, "labelClass": "empuje_favor", "isNewCross": false, "trendBias": 1, "poc": 6.819999694824219, "vah": 7.313199653625488, "val": 5.888399772644043, "clsRsi": 64.25648140751402, "clsAccel": 0.11499977111816406, "clsGreen": 5, "scenario": "Dentro del VA bajo el PoC. ⭐ Range premium: momentum/empuje que favorece llegar al PoC (WR muy alto). Sesgo alcista hacia el PoC.", "sym": "ASM", "tf": "1d", "sector": "Plata", "bt": {"total": 11, "wr": 73, "avgPnl": 12.53, "totalPnl": 137.84, "avgRR": 4.69}}, "PLG|1d": {"signal": "LONG", "entry": 1.4088000059127808, "stop": 1.3876680058240891, "target": 1.7287999868392945, "target2": 1.9211999893188476, "rr": 15.14, "labelClass": "caida_recorrido", "isNewCross": false, "trendBias": -1, "poc": 1.7287999868392945, "vah": 1.9211999893188476, "val": 1.565999984741211, "clsRsi": 56.26410438480916, "clsAccel": 0.08879995346069336, "clsGreen": 1, "scenario": "Precio bajo VAL (10.0% bajo el VA). 💎 LONG pelotazo: muy caído + gran recorrido al PoC + giro. Alto PnL/op con buena probabilidad. Sesgo alcista hacia el PoC. ⚠️ Contra tendencia bajista (EMA200).", "sym": "PLG", "tf": "1d", "sector": "Platino/PGM", "bt": {"total": 6, "wr": 50, "avgPnl": 4.81, "totalPnl": 28.83, "avgRR": 7.77}}, "USAS|1d": {"signal": "LONG", "entry": 4.864999771118164, "stop": 4.6493343312644955, "target": 5.868399991989135, "target2": 6.537200088500977, "rr": 4.65, "labelClass": "caida_recorrido", "isNewCross": false, "trendBias": -1, "poc": 5.868399991989135, "vah": 6.537200088500977, "val": 4.9563998603820805, "clsRsi": 54.64566340219664, "clsAccel": 0.11500024795532227, "clsGreen": 2, "scenario": "Precio bajo VAL (1.8% bajo el VA). 🛡️ LONG seguro: cerca del VAL con giro confirmado (mayor probabilidad de acierto). Sesgo alcista hacia el PoC. ⚠️ Contra tendencia bajista (EMA200).", "sym": "USAS", "tf": "1d", "sector": "Plata", "bt": {"total": 3, "wr": 67, "avgPnl": 17.04, "totalPnl": 51.12, "avgRR": 7.13}}, "NMG|1d": {"signal": "LONG", "entry": 1.5, "stop": 1.476405, "target": 1.9050000309944153, "target2": 2.2260000467300416, "rr": 17.16, "labelClass": "caida_recorrido", "isNewCross": false, "trendBias": -1, "poc": 1.9050000309944153, "vah": 2.2260000467300416, "val": 1.7980000257492066, "clsRsi": 62.74509483096945, "clsAccel": 0.009999990463256836, "clsGreen": 0, "scenario": "Precio bajo VAL (16.6% bajo el VA). 💎 LONG pelotazo: muy caído + gran recorrido al PoC + giro. Alto PnL/op con buena probabilidad. Sesgo alcista hacia el PoC. ⚠️ Contra tendencia bajista (EMA200).", "sym": "NMG", "tf": "1d", "sector": "Grafito", "bt": {"total": 6, "wr": 67, "avgPnl": 3.48, "totalPnl": 20.87, "avgRR": 2.76}}, "REMX|1d": {"signal": "RANGE_LONG", "entry": 88.71499633789062, "stop": 87.38427139282227, "target": 97.1428028869629, "target2": 101.94520294189454, "rr": 6.33, "labelClass": "empuje_favor", "isNewCross": false, "trendBias": 1, "poc": 97.1428028869629, "vah": 101.94520294189454, "val": 87.0044027709961, "clsRsi": 56.3824091175682, "clsAccel": -1.9050064086914062, "clsGreen": 2, "scenario": "Dentro del VA bajo el PoC. Sesgo alcista hacia el PoC.", "sym": "REMX", "tf": "1d", "sector": "Tierras raras (ETF)", "bt": {"total": 6, "wr": 50, "avgPnl": 3.34, "totalPnl": 20.02, "avgRR": 6.76}}, "RRC|1d": {"signal": "LONG", "entry": 37.4900016784668, "stop": 36.63223044006347, "target": 42.61520088195801, "target2": 44.34840103149414, "rr": 5.98, "labelClass": "caida_recorrido", "isNewCross": false, "trendBias": -1, "poc": 42.61520088195801, "vah": 44.34840103149414, "val": 38.40600051879883, "clsRsi": 40.305534449950585, "clsAccel": -0.5399971008300781, "clsGreen": 2, "scenario": "Precio bajo VAL (2.4% bajo el VA). 🛡️ LONG seguro: cerca del VAL con giro confirmado (mayor probabilidad de acierto). Sesgo alcista hacia el PoC. ⚠️ Contra tendencia bajista (EMA200).", "sym": "RRC", "tf": "1d", "sector": "Gas", "bt": {"total": 12, "wr": 50, "avgPnl": 1.49, "totalPnl": 17.86, "avgRR": 2.69}}, "DPRO|1d": {"signal": "LONG", "entry": 5.46999979019165, "stop": 5.17631550145626, "target": 7.666199760437012, "target2": 8.279999732971191, "rr": 7.48, "labelClass": "caida_giro", "isNewCross": false, "trendBias": -1, "poc": 7.666199760437012, "vah": 8.279999732971191, "val": 5.961199836730957, "clsRsi": 45.867097061786666, "clsAccel": -0.23000049591064453, "clsGreen": 4, "scenario": "Precio bajo VAL (8.2% bajo el VA). 💎 LONG pelotazo: muy caído + gran recorrido al PoC + giro. Alto PnL/op con buena probabilidad. Sesgo alcista hacia el PoC. ⚠️ Contra tendencia bajista (EMA200).", "sym": "DPRO", "tf": "1d", "sector": "Drones", "bt": {"total": 11, "wr": 55, "avgPnl": 12.94, "totalPnl": 142.3, "avgRR": 6.56}}, "UMAC|1d": {"signal": "RANGE_LONG", "entry": 22.520000457763672, "stop": 21.16880043029785, "target": 24.92166019439697, "target2": 27.199880294799804, "rr": 1.78, "labelClass": "empuje_favor", "isNewCross": false, "trendBias": 1, "poc": 24.92166019439697, "vah": 27.199880294799804, "val": 18.086999893188477, "clsRsi": 48.974518459616064, "clsAccel": -2.8499984741210938, "clsGreen": 4, "scenario": "Dentro del VA bajo el PoC. Sesgo alcista hacia el PoC.", "sym": "UMAC", "tf": "1d", "sector": "Drones", "bt": {"total": 9, "wr": 56, "avgPnl": 9.07, "totalPnl": 81.61, "avgRR": 5.84}}, "TXN|1d": {"signal": "RANGE_LONG", "entry": 301.5199890136719, "stop": 294.7388044607544, "target": 307.1865979003906, "target2": 322.0995983886719, "rr": 0.84, "labelClass": "empuje_favor", "isNewCross": false, "trendBias": 1, "poc": 307.1865979003906, "vah": 322.0995983886719, "val": 268.41279663085936, "clsRsi": 56.353800365781595, "clsAccel": -9.1400146484375, "clsGreen": 3, "scenario": "Dentro del VA bajo el PoC. Sesgo alcista hacia el PoC.", "sym": "TXN", "tf": "1d", "sector": "Semis", "bt": {"total": 7, "wr": 71, "avgPnl": 2.1, "totalPnl": 14.69, "avgRR": 2.92}}, "LAES|1d": {"signal": "RANGE_SHORT", "entry": 3.115000009536743,