{"GOLD|1d": {"signal": "SHORT", "entry": 43.849998474121094, "stop": 44.507748451232914, "target": 41.8419995880127, "target2": 39.83999938964844, "rr": 3.05, "labelClass": "corto_estrecho", "isNewCross": false, "trendBias": 1, "poc": 41.8419995880127, "vah": 43.227999725341796, "val": 39.83999938964844, "clsRsi": 51.16278309672388, "clsAccel": -0.2599983215332031, "clsGreen": 0, "scenario": "Precio sobre VAH (1.4% sobre el VA). 🛡️ SHORT seguro: cerca del borde con giro/contexto bajista (mayor probabilidad). Sesgo bajista hacia el PoC. ⚠️ Contra tendencia alcista (EMA200).", "sym": "GOLD", "tf": "1d", "sector": "Oro", "bt": {"total": 10, "wr": 50, "avgPnl": 0.63, "totalPnl": 6.26, "avgRR": 4.32}}, "EGO|1d": {"signal": "RANGE_SHORT", "entry": 32.25, "stop": 33.02142, "target": 31.705200157165528, "target2": 29.808799972534178, "rr": 0.71, "labelClass": "corto_favor", "isNewCross": false, "trendBias": -1, "poc": 31.705200157165528, "vah": 34.291200408935545, "val": 29.808799972534178, "clsRsi": 43.55253007777938, "clsAccel": -0.8899993896484375, "clsGreen": 0, "scenario": "Dentro del VA sobre el PoC. Sesgo bajista hacia el PoC.", "sym": "EGO", "tf": "1d", "sector": "Oro", "bt": {"total": 6, "wr": 50, "avgPnl": 1.09, "totalPnl": 6.56, "avgRR": 6.75}}, "LMT|1d": {"signal": "SHORT", "entry": 537.6799926757812, "stop": 547.675463739624, "target": 518.0823889160156, "target2": 504.67558837890624, "rr": 1.96, "labelClass": "corto_estrecho", "isNewCross": false, "trendBias": -1, "poc": 518.0823889160156, "vah": 533.9267895507812, "val": 504.67558837890624, "clsRsi": 52.55586935062323, "clsAccel": 7.5899658203125, "clsGreen": 0, "scenario": "Precio sobre VAH (0.7% sobre el VA). 🛡️ SHORT seguro: cerca del borde con giro/contexto bajista (mayor probabilidad). Sesgo bajista hacia el PoC.", "sym": "LMT", "tf": "1d", "sector": "Defensa", "bt": {"total": 3, "wr": 67, "avgPnl": 4.49, "totalPnl": 13.48, "avgRR": 3.51}}, "RGTI|1d": {"signal": "LONG", "entry": 16.514999389648438, "stop": 16.02764175765991, "target": 20.731599655151367, "target2": 22.386399612426757, "rr": 8.65, "labelClass": "caida_recorrido", "isNewCross": true, "trendBias": -1, "poc": 20.731599655151367, "vah": 22.386399612426757, "val": 18.131199722290038, "clsRsi": 20.976047413254534, "clsAccel": -1.4649982452392578, "clsGreen": 0, "scenario": "Precio bajo VAL (8.9% bajo el VA). Sesgo alcista hacia el PoC. ⚠️ Contra tendencia bajista (EMA200).", "sym": "RGTI", "tf": "1d", "sector": "Cuántica", "bt": {"total": 4, "wr": 75, "avgPnl": 31.49, "totalPnl": 125.96, "avgRR": 12.21}}, "QBTS|1d": {"signal": "LONG", "entry": 21.020000457763672, "stop": 20.058125236816405, "target": 24.271519317626954, "target2": 28.462159271240235, "rr": 3.38, "labelClass": "caida_recorrido", "isNewCross": true, "trendBias": -1, "poc": 24.271519317626954, "vah": 28.462159271240235, "val": 22.727599334716796, "clsRsi": 31.4447611201323, "clsAccel": -1.569997787475586, "clsGreen": 0, "scenario": "Precio bajo VAL (7.5% bajo el VA). Sesgo alcista hacia el PoC. ⚠️ Contra tendencia bajista (EMA200).", "sym": "QBTS", "tf": "1d", "sector": "Cuántica", "bt": {"total": 9, "wr": 78, "avgPnl": 20.13, "totalPnl": 181.21, "avgRR": 6.94}}, "KTOS|1d": {"signal": "RANGE_SHORT", "entry": 50.209999084472656, "stop": 52.3770626449585, "target": 47.25919853210449, "target2": 46.0099983215332, "rr": 1.36, "labelClass": "corto_favor", "isNewCross": false, "trendBias": -1, "poc": 47.25919853210449, "vah": 58.502000427246095, "val": 46.0099983215332, "clsRsi": 36.589203308074794, "clsAccel": -1.5200042724609375, "clsGreen": 0, "scenario": "Dentro del VA sobre el PoC. Sesgo bajista hacia el PoC.", "sym": "KTOS", "tf": "1d", "sector": "Drones/Defensa", "bt": {"total": 5, "wr": 40, "avgPnl": 2.24, "totalPnl": 11.19, "avgRR": 2.2}}, "AVAV|1d": {"signal": "RANGE_SHORT", "entry": 163.64999389648438, "stop": 168.62822671081543, "target": 140.15419738769532, "target2": 135.1999969482422, "rr": 4.72, "labelClass": "corto_favor", "isNewCross": false, "trendBias": -1, "poc": 140.15419738769532, "vah": 184.74200134277345, "val": 135.1999969482422, "clsRsi": 46.612796783250104, "clsAccel": 0.8600006103515625, "clsGreen": 0, "scenario": "Dentro del VA sobre el PoC. 🛡️ Range con contexto favorable (sobreventa/tendencia) — el resto de RANGE_SHORT pierde de media. Sesgo bajista hacia el PoC.", "sym": "AVAV", "tf": "1d", "sector": "Drones/Defensa", "bt": {"total": 8, "wr": 50, "avgPnl": 4.68, "totalPnl": 37.46, "avgRR": 5.01}}, "SMR|1d": {"signal": "LONG", "entry": 8.805000305175781, "stop": 8.672925300598145, "target": 10.111600303649903, "target2": 11.583200263977051, "rr": 9.89, "labelClass": "caida_recorrido", "isNewCross": true, "trendBias": -1, "poc": 10.111600303649903, "vah": 11.583200263977051, "val": 9.545600318908692, "clsRsi": 35.093419027159186, "clsAccel": -0.654998779296875, "clsGreen": 0, "scenario": "Precio bajo VAL (7.8% bajo el VA). Sesgo alcista hacia el PoC. ⚠️ Contra tendencia bajista (EMA200).", "sym": "SMR", "tf": "1d", "sector": "Nuclear SMR", "bt": {"total": 6, "wr": 67, "avgPnl": 9.97, "totalPnl": 59.81, "avgRR": 4.77}}, "PLG|1d": {"signal": "LONG", "entry": 1.3250000476837158, "stop": 1.30512504696846, "target": 1.7287999868392945, "target2": 1.9507999897003172, "rr": 20.32, "labelClass": "caida_recorrido", "isNewCross": false, "trendBias": -1, "poc": 1.7287999868392945, "vah": 1.9507999897003172, "val": 1.565999984741211, "clsRsi": 29.565228208025374, "clsAccel": -0.07499992847442627, "clsGreen": 0, "scenario": "Precio bajo VAL (15.4% bajo el VA). Sesgo alcista hacia el PoC. ⚠️ Contra tendencia bajista (EMA200).", "sym": "PLG", "tf": "1d", "sector": "Platino/PGM", "bt": {"total": 6, "wr": 50, "avgPnl": 4.81, "totalPnl": 28.83, "avgRR": 7.77}}, "EU|1d": {"signal": "LONG", "entry": 1.2549999952316284, "stop": 1.1915346454727649, "target": 1.634800033569336, "target2": 1.9920000553131103, "rr": 5.98, "labelClass": "caida_recorrido", "isNewCross": false, "trendBias": -1, "poc": 1.634800033569336, "vah": 1.9920000553131103, "val": 1.4656000232696533, "clsRsi": 32.72727824439576, "clsAccel": -0.11500012874603271, "clsGreen": 0, "scenario": "Precio bajo VAL (14.4% bajo el VA). Sesgo alcista hacia el PoC. ⚠️ Contra tendencia bajista (EMA200).", "sym": "EU", "tf": "1d", "sector": "Uranio/Tierras raras", "bt": {"total": 3, "wr": 33, "avgPnl": -3.24, "totalPnl": -9.73, "avgRR": 1.53}}, "ASPI|1d": {"signal": "LONG", "entry": 5.099999904632568, "stop": 5.02349990606308, "target": 6.19039999961853, "target2": 7.258399982452392, "rr": 14.25, "labelClass": "caida_recorrido", "isNewCross": false, "trendBias": -1, "poc": 6.19039999961853, "vah": 7.258399982452392, "val": 5.976800003051758, "clsRsi": 26.807227358275938, "clsAccel": -0.3300004005432129, "clsGreen": 0, "scenario": "Precio bajo VAL (14.7% bajo el VA). Sesgo alcista hacia el PoC. ⚠️ Contra tendencia bajista (EMA200).", "sym": "ASPI", "tf": "1d", "sector": "Nuclear/Isótopos", "bt": {"total": 9, "wr": 67, "avgPnl": 7.27, "totalPnl": 65.4, "avgRR": 7.59}}, "NMG|1d": {"signal": "LONG", "entry": 1.5398999452590942, "stop": 1.5156773191201687, "target": 1.9050000309944153, "target2": 2.2260000467300416, "rr": 15.07, "labelClass": "caida_recorrido", "isNewCross": false, "trendBias": -1, "poc": 1.9050000309944153, "vah": 2.2260000467300416, "val": 1.7980000257492066, "clsRsi": 44.671339013248684, "clsAccel": -0.07010006904602051, "clsGreen": 0, "scenario": "Precio bajo VAL (14.4% bajo el VA). Sesgo alcista hacia el PoC. ⚠️ Contra tendencia bajista (EMA200).", "sym": "NMG", "tf": "1d", "sector": "Grafito", "bt": {"total": 6, "wr": 67, "avgPnl": 3.48, "totalPnl": 20.87, "avgRR": 2.76}}, "PKE|1d": {"signal": "SHORT", "entry": 36.47999954223633, "stop": 37.12022353420257, "target": 32.24720043182373, "target2": 30.880800399780274, "rr": 6.61, "labelClass": "corto_extendido", "isNewCross": false, "trendBias": 1, "poc": 32.24720043182373, "vah": 34.78480049133301, "val": 30.880800399780274,