{"GOLD|1d": {"signal": "SHORT", "entry": 44.04999923706055, "stop": 44.71074922561645, "target": 41.8419995880127, "target2": 39.83999938964844, "rr": 3.34, "labelClass": "corto_estrecho", "isNewCross": false, "trendBias": 1, "poc": 41.8419995880127, "vah": 43.227999725341796, "val": 39.83999938964844, "clsRsi": 48.94613321612287, "clsAccel": -1.4000053405761719, "clsGreen": 4, "scenario": "Precio sobre VAH (1.9% sobre el VA). 🛡️ SHORT seguro: cerca del borde con giro/contexto bajista (mayor probabilidad). Sesgo bajista hacia el PoC. ⚠️ Contra tendencia alcista (EMA200).", "sym": "GOLD", "tf": "1d", "sector": "Oro", "bt": {"total": 10, "wr": 50, "avgPnl": 0.63, "totalPnl": 6.26, "avgRR": 4.32}}, "GFI|1d": {"signal": "LONG", "entry": 34.61000061035156, "stop": 33.521169991149904, "target": 39.56560070037842, "target2": 49.510801086425786, "rr": 4.55, "labelClass": "caida_recorrido", "isNewCross": false, "trendBias": -1, "poc": 39.56560070037842, "vah": 49.510801086425786, "val": 37.40360061645508, "clsRsi": 43.992373030356305, "clsAccel": -2.579998016357422, "clsGreen": 0, "scenario": "Precio bajo VAL (7.5% bajo el VA). Sesgo alcista hacia el PoC. ⚠️ Contra tendencia bajista (EMA200).", "sym": "GFI", "tf": "1d", "sector": "Oro", "bt": {"total": 2, "wr": 100, "avgPnl": 18.58, "totalPnl": 37.16, "avgRR": 5.47}}, "GDX|1d": {"signal": "LONG", "entry": 78.73999786376953, "stop": 76.45732532569885, "target": 86.85959823608398, "target2": 97.78839904785156, "rr": 3.56, "labelClass": "caida_recorrido", "isNewCross": false, "trendBias": -1, "poc": 86.85959823608398, "vah": 97.78839904785156, "val": 79.38199768066406, "clsRsi": 47.6856821162575, "clsAccel": -3.0500030517578125, "clsGreen": 2, "scenario": "Precio bajo VAL (0.8% bajo el VA). 🛡️ LONG seguro: cerca del VAL con giro confirmado (mayor probabilidad de acierto). Sesgo alcista hacia el PoC. ⚠️ Contra tendencia bajista (EMA200).", "sym": "GDX", "tf": "1d", "sector": "Oro (ETF)", "bt": {"total": 5, "wr": 60, "avgPnl": 10.47, "totalPnl": 52.33, "avgRR": 7.18}}, "FCX|1d": {"signal": "RANGE_LONG", "entry": 61.0, "stop": 59.35849, "target": 61.870200576782224, "target2": 66.90719970703125, "rr": 0.53, "labelClass": "empuje_favor", "isNewCross": false, "trendBias": 1, "poc": 61.870200576782224, "vah": 66.90719970703125, "val": 59.51960098266601, "clsRsi": 28.645520709520568, "clsAccel": -0.410003662109375, "clsGreen": 2, "scenario": "Dentro del VA bajo el PoC. Sesgo alcista hacia el PoC.", "sym": "FCX", "tf": "1d", "sector": "Cobre", "bt": {"total": 5, "wr": 60, "avgPnl": 2.2, "totalPnl": 11.01, "avgRR": 3.39}}, "LMT|1d": {"signal": "SHORT", "entry": 538.0, "stop": 548.00142, "target": 518.0823889160156, "target2": 504.67558837890624, "rr": 1.99, "labelClass": "corto_estrecho", "isNewCross": false, "trendBias": -1, "poc": 518.0823889160156, "vah": 533.9267895507812, "val": 504.67558837890624, "clsRsi": 49.23780913902281, "clsAccel": -31.99993896484375, "clsGreen": 0, "scenario": "Precio sobre VAH (0.8% sobre el VA). 🛡️ SHORT seguro: cerca del borde con giro/contexto bajista (mayor probabilidad). Sesgo bajista hacia el PoC.", "sym": "LMT", "tf": "1d", "sector": "Defensa", "bt": {"total": 3, "wr": 67, "avgPnl": 4.49, "totalPnl": 13.48, "avgRR": 3.51}}, "OKLO|1d": {"signal": "LONG", "entry": 51.84000015258789, "stop": 48.72960014343262, "target": 69.36431968688964, "target2": 73.83535980224609, "rr": 5.63, "labelClass": "caida_recorrido", "isNewCross": false, "trendBias": -1, "poc": 69.36431968688964, "vah": 73.83535980224609, "val": 57.228639373779295, "clsRsi": 38.856008744764004, "clsAccel": -0.43000030517578125, "clsGreen": 0, "scenario": "Precio bajo VAL (9.4% bajo el VA). Sesgo alcista hacia el PoC. ⚠️ Contra tendencia bajista (EMA200).", "sym": "OKLO", "tf": "1d", "sector": "Nuclear SMR", "bt": {"total": 5, "wr": 80, "avgPnl": 19.98, "totalPnl": 99.91, "avgRR": 4.0}}, "SAAB|1d": {"signal": "SHORT", "entry": 562.7999877929688, "stop": 571.433339605713, "target": 504.26599548339846, "target2": 488.99199462890624, "rr": 6.78, "labelClass": "corto_estrecho", "isNewCross": false, "trendBias": 1, "poc": 504.26599548339846, "vah": 536.9959973144531, "val": 488.99199462890624, "clsRsi": 65.87056883991866, "clsAccel": -46.10003662109375, "clsGreen": 0, "scenario": "Precio sobre VAH (4.8% sobre el VA). Sesgo bajista hacia el PoC. ⚠️ Contra tendencia alcista (EMA200).", "sym": "SAAB", "tf": "1d", "sector": "Defensa EU", "bt": {"total": 10, "wr": 70, "avgPnl": 6.79, "totalPnl": 67.94, "avgRR": 6.29}}, "BVN|1d": {"signal": "LONG", "entry": 29.959999084472656, "stop": 29.05251071220398, "target": 34.77400123596191, "target2": 36.202001342773436, "rr": 5.3, "labelClass": "caida_recorrido", "isNewCross": false, "trendBias": -1, "poc": 34.77400123596191, "vah": 36.202001342773436, "val": 30.490000915527343, "clsRsi": 37.03148783772153, "clsAccel": -0.279998779296875, "clsGreen": 2, "scenario": "Precio bajo VAL (1.7% bajo el VA). Sesgo alcista hacia el PoC. ⚠️ Contra tendencia bajista (EMA200).", "sym": "BVN", "tf": "1d", "sector": "Plata/Oro", "bt": {"total": 6, "wr": 50, "avgPnl": 0.31, "totalPnl": 1.86, "avgRR": 2.58}}, "ASM|1d": {"signal": "RANGE_LONG", "entry": 6.579999923706055, "stop": 6.23783992767334, "target": 6.819999694824219, "target2": 7.313199653625488, "rr": 0.7, "labelClass": "empuje_favor", "isNewCross": false, "trendBias": 1, "poc": 6.819999694824219, "vah": 7.313199653625488, "val": 5.888399772644043, "clsRsi": 53.38078400515052, "clsAccel": -0.20000028610229492, "clsGreen": 6, "scenario": "Dentro del VA bajo el PoC. Sesgo alcista hacia el PoC.", "sym": "ASM", "tf": "1d", "sector": "Plata", "bt": {"total": 11, "wr": 73, "avgPnl": 12.53, "totalPnl": 137.84, "avgRR": 4.69}}, "PLG|1d": {"signal": "LONG", "entry": 1.409999966621399, "stop": 1.388849967122078, "target": 1.7287999868392945, "target2": 1.9507999897003172, "rr": 15.07, "labelClass": "caida_recorrido", "isNewCross": false, "trendBias": -1, "poc": 1.7287999868392945, "vah": 1.9507999897003172, "val": 1.565999984741211, "clsRsi": 42.857139816089884, "clsAccel": -0.039999961853027344, "clsGreen": 0, "scenario": "Precio bajo VAL (10.0% bajo el VA). Sesgo alcista hacia el PoC. ⚠️ Contra tendencia bajista (EMA200).", "sym": "PLG", "tf": "1d", "sector": "Platino/PGM", "bt": {"total": 6, "wr": 50, "avgPnl": 4.81, "totalPnl": 28.83, "avgRR": 7.77}}, "RING|1d": {"signal": "LONG", "entry": 67.73999786376953, "stop": 66.69206009681702, "target": 74.8070004272461, "target2": 85.28599914550782, "rr": 6.74, "labelClass": "caida_recorrido", "isNewCross": false, "trendBias": -1, "poc": 74.8070004272461, "vah": 85.28599914550782, "val": 69.3180010986328, "clsRsi": 46.09106702362261, "clsAccel": -2.0300064086914062, "clsGreen": 3, "scenario": "Precio bajo VAL (2.3% bajo el VA). 🛡️ LONG seguro: cerca del VAL con giro confirmado (mayor probabilidad de acierto). Sesgo alcista hacia el PoC. ⚠️ Contra tendencia bajista (EMA200).", "sym": "RING", "tf": "1d", "sector": "Oro (ETF)", "bt": {"total": 7, "wr": 57, "avgPnl": 1.85, "totalPnl": 12.93, "avgRR": 3.29}}, "ASPI|1d": {"signal": "LONG", "entry": 5.53000020980835, "stop": 5.447050206661224, "target": 6.212699975967407, "target2": 7.281999969482422, "rr": 8.23, "labelClass": "caida_recorrido", "isNewCross": false, "trendBias": -1, "poc": 6.212699975967407, "vah": 7.281999969482422, "val": 6.023999977111816, "clsRsi": 32.885900992893696, "clsAccel": 0.440000057220459, "clsGreen": 0, "scenario": "Precio bajo VAL (8.2% bajo el VA). 💎 LONG pelotazo: muy caído + gran recorrido al PoC + giro. Alto PnL/op con buena probabilidad. Sesgo alcista hacia el PoC. ⚠️ Contra tendencia bajista (EMA200).", "sym": "ASPI", "tf": "1d", "sector": "Nuclear/Isótopos", "bt": {"total": 9, "wr": 67, "avgPnl": 7.27, "totalPnl": 65.4, "avgRR": 7.59}}, "NEXA|1d": {"signal": "RANGE_LONG", "entry": 13.210000038146973, "stop": 12.66046403656006, "target": 14.447399635314941, "target2": 15.190799560546875, "rr": 2.25, "labelClass": "empuje_favor",