{"RTX|1d": {"signal": "SHORT", "entry": 186.38999938964844, "stop": 189.73383597869872, "target": 175.92579864501954, "target2": 173.58679870605468, "rr": 3.13, "labelClass": "corto_estrecho", "isNewCross": true, "trendBias": 1, "poc": 175.92579864501954, "vah": 182.94279846191407, "val": 173.58679870605468, "clsRsi": 61.80650772415006, "clsAccel": 8.330001831054688, "clsGreen": 1, "scenario": "Precio sobre VAH (1.9% sobre el VA). Sesgo bajista hacia el PoC. ⚠️ Contra tendencia alcista (EMA200).", "sym": "RTX", "tf": "1d", "sector": "Defensa", "bt": {"total": 5, "wr": 80, "avgPnl": 8.64, "totalPnl": 43.19, "avgRR": 7.61}}, "JOBY|1d": {"signal": "RANGE_SHORT", "entry": 9.550000190734863, "stop": 9.991974199562073, "target": 8.97850009918213, "target2": 8.317000045776368, "rr": 1.29, "labelClass": "corto_favor", "isNewCross": false, "trendBias": -1, "poc": 8.97850009918213, "vah": 10.396000213623047, "val": 8.317000045776368, "clsRsi": 30.602007755701152, "clsAccel": -0.1699991226196289, "clsGreen": 0, "scenario": "Dentro del VA sobre el PoC. Sesgo bajista hacia el PoC.", "sym": "JOBY", "tf": "1d", "sector": "eVTOL", "bt": {"total": 2, "wr": 50, "avgPnl": -1.69, "totalPnl": -3.39, "avgRR": 1.15}}, "PLG|1d": {"signal": "LONG", "entry": 1.3600000143051147, "stop": 1.339600014090538, "target": 1.7117999744415284, "target2": 1.8963999843597412, "rr": 17.25, "labelClass": "caida_recorrido", "isNewCross": false, "trendBias": -1, "poc": 1.7117999744415284, "vah": 1.8963999843597412, "val": 1.5839999675750733, "clsRsi": 27.95698979863242, "clsAccel": 0.020000100135803223, "clsGreen": 0, "scenario": "Precio bajo VAL (14.1% bajo el VA). 💎 LONG pelotazo: muy caído + gran recorrido al PoC + giro. Alto PnL/op con buena probabilidad. Sesgo alcista hacia el PoC. ⚠️ Contra tendencia bajista (EMA200).", "sym": "PLG", "tf": "1d", "sector": "Platino/PGM", "bt": {"total": 6, "wr": 50, "avgPnl": 4.81, "totalPnl": 28.83, "avgRR": 7.77}}, "CLF|1d": {"signal": "RANGE_SHORT", "entry": 11.15999984741211, "stop": 11.585084241600036, "target": 10.222200155258179, "target2": 7.730000019073486, "rr": 2.21, "labelClass": "corto_favor", "isNewCross": false, "trendBias": -1, "poc": 10.222200155258179, "vah": 12.128000259399414, "val": 7.730000019073486, "clsRsi": 24.246775295214817, "clsAccel": -0.34000110626220703, "clsGreen": 0, "scenario": "Dentro del VA sobre el PoC. 🛡️ Range con contexto favorable (sobreventa/tendencia) — el resto de RANGE_SHORT pierde de media. Sesgo bajista hacia el PoC.", "sym": "CLF", "tf": "1d", "sector": "Acero", "bt": {"total": 6, "wr": 67, "avgPnl": 2.56, "totalPnl": 15.35, "avgRR": 1.98}}, "NMG|1d": {"signal": "LONG", "entry": 1.4600000381469727, "stop": 1.4370342375469207, "target": 1.9050000309944153, "target2": 2.183200044631958, "rr": 19.38, "labelClass": "caida_recorrido", "isNewCross": false, "trendBias": -1, "poc": 1.9050000309944153, "vah": 2.183200044631958, "val": 1.7980000257492066, "clsRsi": 24.73118624145266, "clsAccel": 0.020000100135803223, "clsGreen": 0, "scenario": "Precio bajo VAL (18.8% bajo el VA). 💎 LONG pelotazo: muy caído + gran recorrido al PoC + giro. Alto PnL/op con buena probabilidad. Sesgo alcista hacia el PoC. ⚠️ Contra tendencia bajista (EMA200).", "sym": "NMG", "tf": "1d", "sector": "Grafito", "bt": {"total": 6, "wr": 67, "avgPnl": 3.48, "totalPnl": 20.87, "avgRR": 2.76}}, "FANG|1d": {"signal": "RANGE_LONG", "entry": 187.91000366210938, "stop": 184.22133029022217, "target": 198.83779815673827, "target2": 203.60759704589844, "rr": 2.96, "labelClass": "empuje_favor", "isNewCross": false, "trendBias": 1, "poc": 198.83779815673827, "vah": 203.60759704589844, "val": 185.891201171875, "clsRsi": 37.188341695308935, "clsAccel": -4.19000244140625, "clsGreen": 2, "scenario": "Dentro del VA bajo el PoC. Sesgo alcista hacia el PoC.", "sym": "FANG", "tf": "1d", "sector": "Petróleo", "bt": {"total": 13, "wr": 62, "avgPnl": 3.22, "totalPnl": 41.87, "avgRR": 3.7}}, "PSX|1d": {"signal": "RANGE_LONG", "entry": 170.33999633789062, "stop": 167.52768299835205, "target": 176.2972006225586, "target2": 182.49280029296875, "rr": 2.12, "labelClass": "empuje_favor", "isNewCross": false, "trendBias": 1, "poc": 176.2972006225586, "vah": 182.49280029296875, "val": 165.971201171875, "clsRsi": 31.85864763846415, "clsAccel": -0.3400115966796875, "clsGreen": 2, "scenario": "Dentro del VA bajo el PoC. Sesgo alcista hacia el PoC.", "sym": "PSX", "tf": "1d", "sector": "Refino", "bt": {"total": 3, "wr": 33, "avgPnl": 0.55, "totalPnl": 1.65, "avgRR": 5.04}}, "DPRO|1d": {"signal": "RANGE_SHORT", "entry": 5.389999866485596, "stop": 5.690600159039497, "target": 5.274000024795532, "target2": 5.0736000442504885, "rr": 0.39, "labelClass": "corto_favor", "isNewCross": false, "trendBias": -1, "poc": 5.274000024795532, "vah": 6.943999862670898, "val": 5.0736000442504885, "clsRsi": 26.417238708963097, "clsAccel": 0.1399998664855957, "clsGreen": 0, "scenario": "Dentro del VA sobre el PoC. 🛡️ Range con contexto favorable (sobreventa/tendencia) — el resto de RANGE_SHORT pierde de media. Sesgo bajista hacia el PoC.", "sym": "DPRO", "tf": "1d", "sector": "Drones", "bt": {"total": 10, "wr": 50, "avgPnl": 14.09, "totalPnl": 140.91, "avgRR": 6.93}}, "RXRX|1d": {"signal": "RANGE_SHORT", "entry": 3.1600000858306885, "stop": 3.295564089512825, "target": 3.150999975204468, "target2": 2.973199977874756, "rr": 0.07, "labelClass": "corto_favor", "isNewCross": false, "trendBias": -1, "poc": 3.150999975204468, "vah": 3.531999969482422, "val": 2.973199977874756, "clsRsi": 37.90322870088513, "clsAccel": 0.029999971389770508, "clsGreen": 0, "scenario": "Dentro del VA sobre el PoC. 🛡️ Range con contexto favorable (sobreventa/tendencia) — el resto de RANGE_SHORT pierde de media. Sesgo bajista hacia el PoC.", "sym": "RXRX", "tf": "1d", "sector": "Biotech/IA", "bt": {"total": 4, "wr": 50, "avgPnl": -0.11, "totalPnl": -0.42, "avgRR": 0.77}}, "XLI|1d": {"signal": "SHORT", "entry": 178.14999389648438, "stop": 180.82224380493165, "target": 173.73779968261718, "target2": 169.29480041503905, "rr": 1.65, "labelClass": "corto_estrecho", "isNewCross": false, "trendBias": 1, "poc": 173.73779968261718, "vah": 176.40359924316405, "val": 169.29480041503905, "clsRsi": 56.832280803734555, "clsAccel": -4.540008544921875, "clsGreen": 0, "scenario": "Precio sobre VAH (1.0% sobre el VA). 🛡️ SHORT seguro: cerca del borde con giro/contexto bajista (mayor probabilidad). Sesgo bajista hacia el PoC. ⚠️ Contra tendencia alcista (EMA200).", "sym": "XLI", "tf": "1d", "sector": "Industrial (ETF)", "bt": {"total": 2, "wr": 50, "avgPnl": 2.33, "totalPnl": 4.67, "avgRR": 4.6}}, "INDI|1d": {"signal": "RANGE_SHORT", "entry": 3.7100000381469727, "stop": 3.8734997398281097, "target": 2.5098999452590944, "target2": 2.319999933242798, "rr": 7.34, "labelClass": "corto_favor", "isNewCross": false, "trendBias": -1, "poc": 2.5098999452590944, "vah": 4.345600061416626, "val": 2.319999933242798, "clsRsi": 28.61538039438699, "clsAccel": -0.1400003433227539, "clsGreen": 0, "scenario": "Dentro del VA sobre el PoC. 🛡️ Range con contexto favorable (sobreventa/tendencia) — el resto de RANGE_SHORT pierde de media. Sesgo bajista hacia el PoC.", "sym": "INDI", "tf": "1d", "sector": "Semis/Auto", "bt": {"total": 5, "wr": 80, "avgPnl": 6.04, "totalPnl": 30.19, "avgRR": 5.14}}, "SO|1d": {"signal": "SHORT", "entry": 94.93000030517578, "stop": 96.35395030975342, "target": 93.88039947509766, "target2": 92.03679840087891, "rr": 0.74, "labelClass": "corto_estrecho", "isNewCross": true, "trendBias": 1, "poc": 93.88039947509766, "vah": 94.7183999633789, "val": 92.03679840087891, "clsRsi": 67.65174385230668, "clsAccel": 1.1599960327148438, "clsGreen": 3, "scenario": "Precio sobre VAH (0.2% sobre el VA). Sesgo bajista hacia el PoC. ⚠️ Contra tendencia alcista (EMA200).", "sym": "SO", "tf": "1d", "sector": "Utility/Nuclear", "bt": {"total": 2, "wr": 50, "avgPnl": -0.28, "totalPnl": -0.55, "avgRR": 1.69}}, "ARWR|1d": {"signal": "SHORT",