{"EQNR|1d": {"signal": "RANGE_LONG", "entry": 36.189998626708984, "stop": 35.470179554023744, "target": 38.0042004776001, "target2": 39.526000595092775, "rr": 2.52, "labelClass": "empuje_favor", "isNewCross": false, "trendBias": 1, "poc": 38.0042004776001, "vah": 39.526000595092775, "val": 33.8736001586914, "clsRsi": 72.51905284905796, "clsAccel": -2.0100059509277344, "clsGreen": 2, "scenario": "Dentro del VA bajo el PoC. ⭐ Range premium: momentum/empuje que favorece llegar al PoC (WR muy alto). Sesgo alcista hacia el PoC.", "sym": "EQNR", "tf": "1d", "sector": "Petróleo/Gas", "bt": {"total": 6, "wr": 67, "avgPnl": 2.72, "totalPnl": 16.31, "avgRR": 3.54}}, "LMT|1d": {"signal": "RANGE_SHORT", "entry": 514.989990234375, "stop": 523.2916288769532, "target": 508.3319885253906, "target2": 497.3627880859375, "rr": 0.8, "labelClass": "corto_favor", "isNewCross": false, "trendBias": -1, "poc": 508.3319885253906, "vah": 533.9267895507812, "val": 497.3627880859375, "clsRsi": 54.80475069720329, "clsAccel": -3.1500244140625, "clsGreen": 0, "scenario": "Dentro del VA sobre el PoC. Sesgo bajista hacia el PoC.", "sym": "LMT", "tf": "1d", "sector": "Defensa", "bt": {"total": 4, "wr": 25, "avgPnl": 0.33, "totalPnl": 1.31, "avgRR": 3.6}}, "SAAB|1d": {"signal": "RANGE_SHORT", "entry": 529.5, "stop": 538.99923, "target": 503.6379949951172, "target2": 488.2279943847656, "rr": 2.72, "labelClass": "corto_favor", "isNewCross": false, "trendBias": -1, "poc": 503.6379949951172, "vah": 549.8679968261719, "val": 488.2279943847656, "clsRsi": 55.96464876182874, "clsAccel": 0.5, "clsGreen": 0, "scenario": "Dentro del VA sobre el PoC. 🛡️ Range con contexto favorable (sobreventa/tendencia) — el resto de RANGE_SHORT pierde de media. Sesgo bajista hacia el PoC.", "sym": "SAAB", "tf": "1d", "sector": "Defensa EU", "bt": {"total": 9, "wr": 67, "avgPnl": 6.14, "totalPnl": 55.23, "avgRR": 6.14}}, "EU|1d": {"signal": "LONG", "entry": 1.25, "stop": 1.183375, "target": 1.6616000461578369, "target2": 1.9880000591278075, "rr": 6.18, "labelClass": "caida_recorrido", "isNewCross": false, "trendBias": -1, "poc": 1.6616000461578369, "vah": 1.9880000591278075, "val": 1.4120000362396241, "clsRsi": 31.74604045620424, "clsAccel": 0.12999999523162842, "clsGreen": 1, "scenario": "Precio bajo VAL (11.5% bajo el VA). 💎 LONG pelotazo: muy caído + gran recorrido al PoC + giro. Alto PnL/op con buena probabilidad. Sesgo alcista hacia el PoC. ⚠️ Contra tendencia bajista (EMA200).", "sym": "EU", "tf": "1d", "sector": "Uranio/Tierras raras", "bt": {"total": 2, "wr": 50, "avgPnl": 13.95, "totalPnl": 27.91, "avgRR": 3.71}}, "NMG|1d": {"signal": "LONG", "entry": 1.5499999523162842, "stop": 1.504662453711033, "target": 1.9050000309944153, "target2": 2.2688000488281252, "rr": 7.83, "labelClass": "caida_recorrido", "isNewCross": false, "trendBias": -1, "poc": 1.9050000309944153, "vah": 2.2688000488281252, "val": 1.7980000257492066, "clsRsi": 60.4651046740569, "clsAccel": 0.11000001430511475, "clsGreen": 1, "scenario": "Precio bajo VAL (13.8% bajo el VA). 💎 LONG pelotazo: muy caído + gran recorrido al PoC + giro. Alto PnL/op con buena probabilidad. Sesgo alcista hacia el PoC. ⚠️ Contra tendencia bajista (EMA200).", "sym": "NMG", "tf": "1d", "sector": "Grafito", "bt": {"total": 5, "wr": 60, "avgPnl": 3.42, "totalPnl": 17.1, "avgRR": 2.1}}, "EOG|1d": {"signal": "SHORT", "entry": 138.00999450683594, "stop": 140.0801444244385, "target": 132.08400146484374, "target2": 129.50800231933593, "rr": 2.86, "labelClass": "corto_estrecho", "isNewCross": false, "trendBias": 1, "poc": 132.08400146484374, "vah": 137.60399963378907, "val": 129.50800231933593, "clsRsi": 55.21636912637968, "clsAccel": -7.1100006103515625, "clsGreen": 0, "scenario": "Precio sobre VAH (0.3% sobre el VA). 🛡️ SHORT seguro: cerca del borde con giro/contexto bajista (mayor probabilidad). Sesgo bajista hacia el PoC. ⚠️ Contra tendencia alcista (EMA200).", "sym": "EOG", "tf": "1d", "sector": "Petróleo", "bt": {"total": 15, "wr": 60, "avgPnl": 1.98, "totalPnl": 29.73, "avgRR": 3.52}}, "RRC|1d": {"signal": "LONG", "entry": 36.459999084472656, "stop": 35.895962898635865, "target": 42.665200347900395, "target2": 44.00920059204102, "rr": 11.0, "labelClass": "caida_recorrido", "isNewCross": false, "trendBias": -1, "poc": 42.665200347900395, "vah": 44.00920059204102, "val": 37.02039932250977, "clsRsi": 48.583865230544205, "clsAccel": -0.5300025939941406, "clsGreen": 2, "scenario": "Precio bajo VAL (1.5% bajo el VA). 🛡️ LONG seguro: cerca del VAL con giro confirmado (mayor probabilidad de acierto). Sesgo alcista hacia el PoC. ⚠️ Contra tendencia bajista (EMA200).", "sym": "RRC", "tf": "1d", "sector": "Gas", "bt": {"total": 11, "wr": 45, "avgPnl": 1.59, "totalPnl": 17.51, "avgRR": 3.97}}, "DPRO|1d": {"signal": "LONG", "entry": 4.75, "stop": 4.4949725, "target": 7.60499981880188, "target2": 8.279999732971191, "rr": 11.19, "labelClass": "caida_recorrido", "isNewCross": false, "trendBias": -1, "poc": 7.60499981880188, "vah": 8.279999732971191, "val": 5.730000057220459, "clsRsi": 33.246079637783566, "clsAccel": 0.2800002098083496, "clsGreen": 1, "scenario": "Precio bajo VAL (17.1% bajo el VA). 💎 LONG pelotazo: muy caído + gran recorrido al PoC + giro. Alto PnL/op con buena probabilidad. Sesgo alcista hacia el PoC. ⚠️ Contra tendencia bajista (EMA200).", "sym": "DPRO", "tf": "1d", "sector": "Drones", "bt": {"total": 11, "wr": 55, "avgPnl": 12.94, "totalPnl": 142.3, "avgRR": 6.56}}, "LAES|1d": {"signal": "LONG", "entry": 2.7200000286102295, "stop": 2.679200028181076, "target": 3.131200089454651, "target2": 3.5528000926971437, "rr": 10.08, "labelClass": "caida_recorrido", "isNewCross": false, "trendBias": -1, "poc": 3.131200089454651, "vah": 3.5528000926971437, "val": 3.0072000885009764, "clsRsi": 17.708340576953077, "clsAccel": 0.09999990463256836, "clsGreen": 1, "scenario": "Precio bajo VAL (9.6% bajo el VA). 💎 LONG pelotazo: muy caído + gran recorrido al PoC + giro. Alto PnL/op con buena probabilidad. Sesgo alcista hacia el PoC. ⚠️ Contra tendencia bajista (EMA200).", "sym": "LAES", "tf": "1d", "sector": "Cuántica/Cripto", "bt": {"total": 11, "wr": 73, "avgPnl": 11.81, "totalPnl": 129.86, "avgRR": 5.98}}, "MARA|1d": {"signal": "RANGE_SHORT", "entry": 12.15999984741211, "stop": 12.767027039794922, "target": 8.809399948120117, "target2": 7.050799865722656, "rr": 5.52, "labelClass": "corto_favor", "isNewCross": false, "trendBias": -1, "poc": 8.809399948120117, "vah": 12.91280014038086, "val": 7.050799865722656, "clsRsi": 32.74456467162568, "clsAccel": 0.3800010681152344, "clsGreen": 0, "scenario": "Dentro del VA sobre el PoC. 🛡️ Range con contexto favorable (sobreventa/tendencia) — el resto de RANGE_SHORT pierde de media. Sesgo bajista hacia el PoC.", "sym": "MARA", "tf": "1d", "sector": "Cripto/Minería", "bt": {"total": 4, "wr": 50, "avgPnl": -1.16, "totalPnl": -4.63, "avgRR": 1.73}}, "PYPL|1d": {"signal": "SHORT", "entry": 47.369998931884766, "stop": 48.26908151161194, "target": 42.66900062561035, "target2": 41.84600067138672, "rr": 5.23, "labelClass": "corto_estrecho", "isNewCross": false, "trendBias": -1, "poc": 42.66900062561035, "vah": 44.808800506591794, "val": 41.84600067138672, "clsRsi": 73.96447013800615, "clsAccel": -1.6100044250488281, "clsGreen": 0, "scenario": "Precio sobre VAH (5.7% sobre el VA). Sesgo bajista hacia el PoC.", "sym": "PYPL", "tf": "1d", "sector": "Fintech", "bt": {"total": 4, "wr": 75, "avgPnl": 4.78, "totalPnl": 19.1, "avgRR": 3.92}}, "USO|1d": {"signal": "LONG", "entry": 120.16999816894531, "stop": 117.3111539125061, "target": 134.44920043945314, "target2": 154.0800018310547, "rr": 4.99, "labelClass": "caida_recorrido", "isNewCross": false, "trendBias": 1, "poc": 134.44920043945314, "vah": 154.0800018310547, "val": 125.15039978027343, "clsRsi": 60.8262402215361, "clsAccel": -6.7100067138671875, "clsGreen": 2, "scenario": "Precio bajo VAL (4.0% bajo el VA). Sesgo alcista hacia el PoC.", "sym": "USO", "tf": "1d", "sector": "Petróleo (ETF)",